hour,day_of_week,aqi_lag_1h,aqi_lag_24h,aqi_change_rate,Wind_Speed_kmh,PM2.5_ugm3,aqi
0,5,104.0,96.0,1.0,10.1,43.3,105
1,5,105.0,96.0,1.0,10.4,41.9,106
2,5,106.0,96.0,1.0,10.8,40.7,107
3,5,107.0,96.0,1.0,11.0,39.7,108
4,5,108.0,96.0,1.0,11.5,39.0,109
5,5,109.0,95.0,1.0,12.0,39.2,110
6,5,110.0,95.0,1.0,12.0,39.7,111
7,5,111.0,95.0,1.0,12.0,42.5,112
8,5,112.0,94.0,0.0,11.8,46.3,112
9,5,112.0,94.0,1.0,9.7,47.3,113
10,5,113.0,94.0,1.0,8.9,45.8,114
11,5,114.0,94.0,1.0,9.8,45.5,115
12,5,115.0,95.0,0.0,9.3,44.6,115
13,5,115.0,97.0,1.0,7.9,42.3,116
14,5,116.0,98.0,0.0,8.1,40.9,116
15,5,116.0,99.0,0.0,7.8,40.3,116
16,5,116.0,100.0,1.0,7.9,40.7,117
17,5,117.0,101.0,0.0,8.8,25.4,117
18,5,117.0,105.0,3.0,8.8,37.8,120
19,5,120.0,103.0,-1.0,9.9,40.3,119
20,5,119.0,102.0,-4.0,10.3,38.8,115
21,5,115.0,103.0,0.0,10.5,38.4,115
22,5,115.0,103.0,-1.0,10.5,39.1,114
23,5,114.0,104.0,0.0,10.3,39.2,114
0,6,114.0,105.0,-1.0,9.7,38.4,113
1,6,113.0,106.0,0.0,9.9,36.8,113
2,6,113.0,107.0,-1.0,10.4,35.5,112
3,6,112.0,108.0,0.0,10.5,34.6,112
4,6,112.0,109.0,-1.0,10.9,34.0,111
5,6,111.0,110.0,0.0,11.2,34.1,111
6,6,111.0,111.0,-1.0,11.2,34.7,110
7,6,110.0,112.0,0.0,10.8,38.4,110
8,6,110.0,112.0,-1.0,10.2,43.9,109
9,6,109.0,113.0,0.0,8.5,49.1,109
10,6,109.0,114.0,0.0,6.6,46.3,109
11,6,109.0,115.0,0.0,6.1,36.9,109
12,6,109.0,115.0,-1.0,6.0,30.7,108
13,6,108.0,116.0,-1.0,6.0,27.9,107
14,6,107.0,116.0,-2.0,4.0,26.6,105
15,6,105.0,116.0,-1.0,1.0,26.1,104
16,6,104.0,117.0,-2.0,4.6,25.7,102
17,6,102.0,117.0,-1.0,6.5,22.4,101
18,6,101.0,120.0,9.0,9.3,38.0,110
19,6,110.0,119.0,-3.0,8.1,39.5,107
20,6,107.0,115.0,-7.0,7.3,38.1,100
21,6,100.0,115.0,0.0,7.5,38.3,100
22,6,100.0,114.0,0.0,6.7,39.9,100
23,6,100.0,114.0,0.0,5.4,41.6,100
0,0,100.0,113.0,1.0,7.0,42.6,101
1,0,101.0,113.0,0.0,7.6,42.3,101
2,0,101.0,112.0,1.0,7.9,41.6,102
3,0,102.0,112.0,0.0,7.2,38.9,102
4,0,102.0,111.0,1.0,6.5,33.5,103
5,0,103.0,111.0,0.0,6.7,28.6,103
6,0,103.0,110.0,-1.0,6.7,27.2,102
7,0,102.0,110.0,-1.0,6.0,32.8,101
8,0,101.0,109.0,0.0,6.3,44.4,101
9,0,101.0,109.0,0.0,4.4,37.6,101
10,0,101.0,109.0,-1.0,4.3,28.3,100
11,0,100.0,109.0,-2.0,7.2,22.5,98
12,0,98.0,108.0,-1.0,8.8,20.0,97
13,0,97.0,107.0,-1.0,10.3,18.9,96
14,0,96.0,105.0,-1.0,10.6,18.0,95
15,0,95.0,104.0,-1.0,10.1,17.6,94
16,0,94.0,102.0,-1.0,9.9,17.4,93
17,0,93.0,101.0,0.0,9.5,16.0,93
18,0,93.0,110.0,-1.0,8.8,25.8,92
19,0,92.0,107.0,-1.0,6.9,30.3,91
20,0,91.0,100.0,-1.0,5.8,31.7,90
21,0,90.0,100.0,0.0,3.3,32.9,90
22,0,90.0,100.0,-1.0,1.2,35.0,89
23,0,89.0,100.0,0.0,5.7,37.5,89
0,1,89.0,101.0,-1.0,3.4,35.4,88
1,1,88.0,101.0,0.0,2.8,32.7,88
2,1,88.0,102.0,-1.0,7.2,31.9,87
3,1,87.0,102.0,-1.0,7.4,32.4,86
4,1,86.0,103.0,-1.0,8.1,31.2,85
5,1,85.0,103.0,0.0,8.0,33.4,85
6,1,85.0,102.0,1.0,8.0,31.9,86
7,1,86.0,101.0,0.0,8.1,36.7,86
8,1,86.0,101.0,0.0,8.6,44.9,86
9,1,86.0,101.0,1.0,8.1,40.6,87
10,1,87.0,100.0,0.0,4.6,33.9,87
11,1,87.0,98.0,0.0,3.1,30.9,87
12,1,87.0,97.0,1.0,3.6,29.8,88
13,1,88.0,96.0,1.0,4.1,30.3,89
14,1,89.0,95.0,1.0,4.9,30.5,90
15,1,90.0,94.0,1.0,6.6,31.0,91
16,1,91.0,93.0,1.0,8.1,31.5,92
17,1,92.0,93.0,1.0,7.6,29.5,93
18,1,93.0,92.0,2.0,4.3,49.2,95
19,1,95.0,91.0,4.0,3.3,60.5,99
20,1,99.0,90.0,0.0,5.1,64.5,99
21,1,99.0,90.0,4.0,8.0,68.0,103
22,1,103.0,89.0,3.0,8.5,65.7,106
23,1,106.0,89.0,4.0,7.6,54.4,110
0,2,110.0,88.0,1.0,8.2,44.4,111
1,2,111.0,88.0,1.0,9.1,37.0,112
2,2,112.0,87.0,1.0,10.0,32.0,113
3,2,113.0,86.0,0.0,10.0,27.9,113
4,2,113.0,85.0,-1.0,9.6,24.3,112
5,2,112.0,85.0,0.0,9.7,23.6,112
6,2,112.0,86.0,-1.0,10.0,22.2,111
7,2,111.0,86.0,-1.0,9.5,24.3,110
8,2,110.0,86.0,-2.0,9.8,28.3,108
9,2,108.0,87.0,-2.0,8.7,31.2,106
10,2,106.0,87.0,0.0,6.5,26.1,106
11,2,106.0,87.0,-1.0,6.9,21.8,105
12,2,105.0,88.0,-1.0,9.4,19.2,104
13,2,104.0,89.0,-1.0,9.6,18.0,103
14,2,103.0,90.0,-2.0,10.1,17.5,101
15,2,101.0,91.0,-1.0,10.3,17.0,100
16,2,100.0,92.0,-1.0,11.0,16.9,99
17,2,99.0,93.0,-2.0,10.8,18.6,97
18,2,97.0,95.0,0.0,11.0,25.6,97
19,2,97.0,99.0,-3.0,11.8,27.6,94
20,2,94.0,99.0,-3.0,11.8,27.5,91
21,2,91.0,103.0,-3.0,12.0,28.3,88
22,2,88.0,106.0,-3.0,12.0,29.4,85
23,2,85.0,110.0,-4.0,12.3,29.8,81
0,3,81.0,111.0,-2.0,11.9,29.4,79
1,3,79.0,112.0,-1.0,11.6,28.8,78
2,3,78.0,113.0,-1.0,11.1,28.5,77
3,3,77.0,113.0,0.0,10.9,28.2,77
4,3,77.0,112.0,0.0,11.0,28.0,77
5,3,77.0,112.0,0.0,10.6,28.1,77
6,3,77.0,111.0,1.0,10.6,28.4,78
7,3,78.0,110.0,0.0,10.7,30.4,78
8,3,78.0,108.0,1.0,11.3,32.6,79
9,3,79.0,106.0,0.0,10.3,33.1,79
10,3,79.0,106.0,0.0,9.0,30.0,79
11,3,79.0,105.0,1.0,9.6,24.8,80
12,3,80.0,104.0,0.0,10.8,21.5,80
13,3,80.0,103.0,0.0,9.0,20.4,80
14,3,80.0,101.0,0.0,6.6,20.3,80
15,3,80.0,100.0,1.0,5.3,20.4,81
16,3,81.0,99.0,0.0,5.8,20.3,81
17,3,81.0,97.0,0.0,6.1,15.6,81
18,3,81.0,97.0,0.0,6.1,27.5,81
19,3,81.0,94.0,1.0,5.7,30.5,82
20,3,82.0,91.0,-1.0,4.6,27.4,81
21,3,81.0,88.0,0.0,4.9,24.3,81
22,3,81.0,85.0,0.0,6.2,22.3,81
23,3,81.0,81.0,-1.0,7.3,21.4,80
0,4,80.0,79.0,0.0,8.0,20.9,80
1,4,80.0,78.0,-1.0,8.0,20.0,79
2,4,79.0,77.0,-1.0,8.1,19.0,78
3,4,78.0,77.0,-1.0,8.5,18.2,77
4,4,77.0,77.0,-1.0,8.0,17.4,76
5,4,76.0,77.0,-1.0,7.1,17.6,75
6,4,75.0,78.0,-1.0,7.3,18.4,74
7,4,74.0,78.0,0.0,8.1,23.4,74
8,4,74.0,79.0,-1.0,8.0,31.3,73
9,4,73.0,79.0,0.0,6.9,30.3,73
10,4,73.0,79.0,0.0,6.1,26.3,73
11,4,73.0,80.0,-1.0,4.3,17.8,72
12,4,72.0,80.0,0.0,4.4,18.5,72
13,4,72.0,80.0,-1.0,4.2,18.7,71
14,4,71.0,80.0,0.0,3.1,18.0,71
15,4,71.0,81.0,0.0,2.8,17.0,71
16,4,71.0,81.0,0.0,3.1,16.0,71
17,4,71.0,81.0,-1.0,5.0,15.9,70
18,4,70.0,81.0,17.0,8.1,30.4,87
19,4,87.0,82.0,4.0,7.9,36.4,91
20,4,91.0,81.0,-12.0,5.0,28.4,79
21,4,79.0,81.0,-8.0,6.4,23.9,71
22,4,71.0,81.0,0.0,9.2,22.7,71
23,4,71.0,80.0,0.0,9.8,22.6,71
0,5,71.0,80.0,0.0,10.9,22.3,71
1,5,71.0,79.0,0.0,10.4,21.1,71
2,5,71.0,78.0,1.0,10.3,19.4,72
3,5,72.0,77.0,0.0,9.7,17.6,72
4,5,72.0,76.0,0.0,9.3,16.2,72
5,5,72.0,75.0,-1.0,9.3,16.4,71
6,5,71.0,74.0,0.0,9.4,16.4,71
7,5,71.0,74.0,0.0,9.7,19.0,71
8,5,71.0,73.0,0.0,10.4,22.8,71
9,5,71.0,73.0,-1.0,10.7,26.2,70
10,5,70.0,73.0,0.0,9.5,24.7,70
11,5,70.0,72.0,0.0,8.6,21.4,70
12,5,70.0,72.0,0.0,10.5,16.9,70
13,5,70.0,71.0,0.0,11.9,17.4,70
14,5,70.0,71.0,0.0,11.4,18.6,70
15,5,70.0,71.0,0.0,10.3,19.2,70
16,5,70.0,71.0,0.0,9.7,19.6,70
17,5,70.0,70.0,0.0,9.2,30.5,70
18,5,70.0,87.0,1.0,9.4,38.4,71
19,5,71.0,91.0,1.0,10.4,39.8,72
20,5,72.0,79.0,0.0,11.1,38.3,72
21,5,72.0,71.0,1.0,10.5,37.7,73
22,5,73.0,71.0,2.0,10.2,38.9,75
23,5,75.0,71.0,1.0,10.0,41.2,76
0,6,76.0,71.0,2.0,9.8,43.3,78
1,6,78.0,71.0,2.0,9.7,45.1,80
2,6,80.0,72.0,2.0,9.1,46.2,82
3,6,82.0,72.0,2.0,9.1,46.9,84
4,6,84.0,72.0,3.0,9.2,47.3,87
5,6,87.0,71.0,2.0,9.2,47.3,89
6,6,89.0,71.0,3.0,9.1,47.8,92
7,6,92.0,71.0,3.0,9.4,51.0,95
8,6,95.0,71.0,3.0,9.3,56.0,98
9,6,98.0,70.0,3.0,7.8,59.4,101
10,6,101.0,70.0,3.0,6.0,57.4,104
11,6,104.0,70.0,4.0,5.5,52.6,108
12,6,108.0,70.0,3.0,4.4,39.5,111
13,6,111.0,70.0,2.0,2.9,31.4,113
14,6,113.0,70.0,2.0,1.3,28.6,115
15,6,115.0,70.0,1.0,2.4,27.9,116
16,6,116.0,70.0,1.0,3.6,28.1,117
17,6,117.0,70.0,1.0,6.7,20.7,118
18,6,118.0,71.0,-1.0,9.0,44.1,117
19,6,117.0,72.0,0.0,8.8,57.9,117
20,6,117.0,72.0,2.0,7.5,64.3,119
21,6,119.0,73.0,3.0,7.0,59.5,122
22,6,122.0,75.0,2.0,7.6,49.9,124
23,6,124.0,76.0,1.0,7.1,42.4,125
0,0,125.0,78.0,0.0,7.0,39.2,125
1,0,125.0,80.0,0.0,7.9,38.1,125
2,0,125.0,82.0,-1.0,8.1,37.5,124
3,0,124.0,84.0,-1.0,8.3,36.6,123
4,0,123.0,87.0,-1.0,8.0,35.5,122
5,0,122.0,89.0,-1.0,8.7,34.2,121
6,0,121.0,92.0,-1.0,9.7,34.3,120
7,0,120.0,95.0,-2.0,9.4,37.7,118
8,0,118.0,98.0,-1.0,8.9,43.4,117
9,0,117.0,101.0,-2.0,7.9,43.9,115
10,0,115.0,104.0,-1.0,5.7,43.3,114
11,0,114.0,108.0,-2.0,5.2,33.6,112
12,0,112.0,111.0,-2.0,4.8,21.7,110
13,0,110.0,113.0,-1.0,3.8,17.7,109
14,0,109.0,115.0,-2.0,3.2,16.3,107
15,0,107.0,116.0,-1.0,4.4,15.5,106
16,0,106.0,117.0,-1.0,3.1,15.5,105
17,0,105.0,118.0,-2.0,2.0,16.6,103
18,0,103.0,117.0,0.0,2.1,26.8,103
19,0,103.0,117.0,-2.0,6.6,29.5,101
20,0,101.0,119.0,-3.0,9.9,25.4,98
21,0,98.0,122.0,-3.0,10.1,24.4,95
22,0,95.0,124.0,-3.0,10.1,25.1,92
23,0,92.0,125.0,-2.0,9.8,26.4,90
0,1,90.0,125.0,-2.0,10.4,27.3,88
1,1,88.0,125.0,-1.0,10.3,27.1,87
2,1,87.0,124.0,-1.0,9.6,26.3,86
3,1,86.0,123.0,-1.0,9.1,25.2,85
4,1,85.0,122.0,-1.0,8.8,24.2,84
5,1,84.0,121.0,-1.0,9.2,23.3,83
6,1,83.0,120.0,-1.0,9.0,23.3,82
7,1,82.0,118.0,-1.0,8.1,25.9,81
8,1,81.0,117.0,-1.0,7.6,31.5,80
9,1,80.0,115.0,-1.0,5.7,36.8,79
10,1,79.0,114.0,-1.0,3.1,38.4,78
11,1,78.0,112.0,0.0,1.4,31.1,78
12,1,78.0,110.0,0.0,1.3,23.5,78
13,1,78.0,109.0,0.0,0.7,18.6,78
14,1,78.0,107.0,0.0,3.1,16.8,78
15,1,78.0,106.0,0.0,6.5,16.2,78
16,1,78.0,105.0,0.0,8.6,16.5,78
17,1,78.0,103.0,0.0,7.7,12.8,78
18,1,78.0,103.0,6.0,6.0,27.5,84
19,1,84.0,101.0,5.0,6.2,32.0,89
20,1,89.0,98.0,-10.0,6.0,34.0,79
21,1,79.0,95.0,0.0,3.8,37.8,79
22,1,79.0,92.0,1.0,3.8,43.3,80
23,1,80.0,90.0,2.0,3.3,47.6,82
0,2,82.0,88.0,2.0,3.9,46.4,84
1,2,84.0,87.0,1.0,4.6,44.7,85
2,2,85.0,86.0,2.0,6.4,40.4,87
3,2,87.0,85.0,1.0,6.4,35.3,88
4,2,88.0,84.0,1.0,6.3,30.6,89
5,2,89.0,83.0,1.0,4.9,23.6,90
6,2,90.0,82.0,0.0,5.9,23.3,90
7,2,90.0,81.0,0.0,6.7,28.9,90
8,2,90.0,80.0,0.0,7.0,41.7,90
9,2,90.0,79.0,1.0,5.0,39.9,91
10,2,91.0,78.0,0.0,4.2,28.8,91
11,2,91.0,78.0,-1.0,1.0,21.8,90
12,2,90.0,78.0,-1.0,2.3,20.9,89
13,2,89.0,78.0,0.0,6.2,18.6,89
14,2,89.0,78.0,0.0,9.1,17.9,89
15,2,89.0,78.0,0.0,9.8,17.9,89
16,2,89.0,78.0,0.0,9.7,17.3,89
17,2,89.0,78.0,0.0,7.8,14.6,89
18,2,89.0,84.0,2.0,7.2,22.8,91
19,2,91.0,89.0,4.0,6.0,29.5,95
20,2,95.0,79.0,-6.0,5.6,34.0,89
21,2,89.0,79.0,0.0,5.6,37.5,89
22,2,89.0,80.0,0.0,4.7,39.0,89
23,2,89.0,82.0,0.0,2.7,39.1,89
0,3,89.0,84.0,-1.0,4.7,36.6,88
1,3,88.0,85.0,-1.0,5.4,31.8,87
2,3,87.0,87.0,-1.0,4.7,26.4,86
3,3,86.0,88.0,-1.0,4.5,21.9,85
4,3,85.0,89.0,-2.0,4.5,18.9,83
5,3,83.0,90.0,-1.0,2.7,22.4,82
6,3,82.0,90.0,0.0,2.7,22.6,82
7,3,82.0,90.0,0.0,3.1,28.3,82
8,3,82.0,90.0,0.0,2.9,41.6,82
9,3,82.0,91.0,0.0,1.8,49.9,82
10,3,82.0,91.0,1.0,1.3,25.4,83
11,3,83.0,90.0,0.0,3.8,21.7,83
12,3,83.0,89.0,0.0,5.4,17.9,83
13,3,83.0,89.0,-1.0,7.3,16.5,82
14,3,82.0,89.0,0.0,9.2,16.4,82
15,3,82.0,89.0,0.0,10.2,15.5,82
16,3,82.0,89.0,0.0,9.3,14.6,82
17,3,82.0,89.0,0.0,8.2,10.9,82
18,3,82.0,91.0,0.0,7.6,18.9,82
19,3,82.0,95.0,0.0,7.1,24.4,82
20,3,82.0,89.0,-1.0,6.0,26.7,81
21,3,81.0,89.0,-1.0,5.2,29.9,80
22,3,80.0,89.0,-1.0,4.7,35.0,79
23,3,79.0,89.0,0.0,3.3,39.7,79
0,4,79.0,88.0,0.0,4.0,40.9,79
1,4,79.0,87.0,0.0,3.8,37.8,79
2,4,79.0,86.0,1.0,4.2,32.2,80
3,4,80.0,85.0,0.0,4.9,28.5,80
4,4,80.0,83.0,1.0,5.8,27.1,81
5,4,81.0,82.0,1.0,5.8,34.1,82
6,4,82.0,82.0,1.0,5.6,30.7,83
7,4,83.0,82.0,0.0,4.5,35.5,83
8,4,83.0,82.0,1.0,3.8,37.1,84
9,4,84.0,82.0,0.0,3.2,38.1,84
10,4,84.0,83.0,-1.0,2.3,26.8,83
11,4,83.0,83.0,0.0,3.3,23.5,83
12,4,83.0,83.0,0.0,5.8,21.9,83
13,4,83.0,82.0,0.0,8.5,19.2,83
14,4,83.0,82.0,0.0,9.5,16.9,83
15,4,83.0,82.0,1.0,10.4,14.8,84
16,4,84.0,82.0,-1.0,11.1,12.6,83
17,4,83.0,82.0,0.0,10.5,9.7,83
18,4,83.0,82.0,0.0,8.6,15.4,83
19,4,83.0,82.0,0.0,7.2,21.4,83
20,4,83.0,81.0,0.0,7.0,24.7,83
21,4,83.0,80.0,-1.0,6.9,27.4,82
22,4,82.0,79.0,0.0,6.7,29.9,82
23,4,82.0,79.0,0.0,4.4,30.9,82
0,5,82.0,79.0,-1.0,4.6,28.8,81
1,5,81.0,79.0,-1.0,4.7,25.6,80
2,5,80.0,80.0,-1.0,5.2,22.2,79
3,5,79.0,80.0,-1.0,5.7,19.5,78
4,5,78.0,81.0,-1.0,5.6,17.8,77
5,5,77.0,82.0,-1.0,5.6,23.6,76
6,5,76.0,83.0,-1.0,4.4,26.6,75
7,5,75.0,83.0,0.0,5.9,34.7,75
8,5,75.0,84.0,0.0,6.7,48.4,75
9,5,75.0,84.0,1.0,4.2,43.7,76
10,5,76.0,83.0,0.0,2.7,32.1,76
11,5,76.0,83.0,1.0,4.1,17.0,77
12,5,77.0,83.0,-1.0,6.4,13.6,76
13,5,76.0,83.0,0.0,8.1,13.3,76
14,5,76.0,83.0,-1.0,9.5,13.4,75
15,5,75.0,84.0,0.0,10.1,13.3,75
16,5,75.0,83.0,0.0,10.1,13.0,75
17,5,75.0,83.0,0.0,9.5,8.1,75
18,5,75.0,83.0,0.0,8.1,14.6,75
19,5,75.0,83.0,-1.0,6.8,20.9,74
20,5,74.0,83.0,0.0,4.8,23.2,74
21,5,74.0,82.0,0.0,3.7,25.1,74
22,5,74.0,82.0,0.0,3.4,28.1,74
23,5,74.0,82.0,0.0,2.5,31.0,74
0,6,74.0,81.0,0.0,4.8,32.9,74
1,6,74.0,80.0,0.0,5.4,32.5,74
2,6,74.0,79.0,1.0,5.6,30.0,75
3,6,75.0,78.0,1.0,6.2,28.2,76
4,6,76.0,77.0,0.0,6.0,28.3,76
5,6,76.0,76.0,1.0,6.5,32.2,77
6,6,77.0,75.0,1.0,7.1,31.8,78
7,6,78.0,75.0,0.0,7.3,36.3,78
8,6,78.0,75.0,1.0,7.8,45.2,79
9,6,79.0,76.0,-1.0,7.2,34.1,78
10,6,78.0,76.0,0.0,5.9,20.4,78
11,6,78.0,77.0,-2.0,6.4,15.4,76
12,6,76.0,76.0,0.0,4.5,14.6,76
13,6,76.0,76.0,0.0,3.5,15.9,76
14,6,76.0,75.0,1.0,2.9,17.5,77
15,6,77.0,75.0,0.0,3.4,19.0,77
16,6,77.0,75.0,1.0,5.0,20.4,78
17,6,78.0,75.0,0.0,7.3,44.5,78
18,6,78.0,75.0,6.0,8.1,52.0,84
19,6,84.0,74.0,8.0,6.4,59.5,92
20,6,92.0,74.0,-4.0,2.8,62.4,88
21,6,88.0,74.0,4.0,8.3,69.4,92
22,6,92.0,74.0,4.0,9.6,75.4,96
23,6,96.0,74.0,4.0,9.9,73.1,100
0,0,100.0,74.0,4.0,10.3,73.3,104
1,0,104.0,74.0,4.0,10.7,74.0,108
2,0,108.0,75.0,5.0,10.4,73.6,113
3,0,113.0,76.0,4.0,10.7,71.9,117
4,0,117.0,76.0,5.0,11.1,68.9,122
5,0,122.0,77.0,4.0,11.1,66.4,126
6,0,126.0,78.0,3.0,10.5,64.0,129
7,0,129.0,78.0,4.0,10.4,64.0,133
8,0,133.0,79.0,3.0,10.0,65.4,136
9,0,136.0,78.0,2.0,8.0,65.7,138
10,0,138.0,78.0,3.0,6.7,63.1,141
11,0,141.0,76.0,5.0,6.4,57.9,146
12,0,146.0,76.0,4.0,6.5,49.9,150
13,0,150.0,76.0,1.0,5.2,42.3,151
14,0,151.0,77.0,0.0,4.4,38.0,151
15,0,151.0,77.0,1.0,3.6,35.6,152
16,0,152.0,78.0,0.0,3.1,34.8,152
17,0,152.0,78.0,0.0,4.1,33.3,152
18,0,152.0,84.0,0.0,2.0,50.3,152
19,0,152.0,92.0,0.0,5.2,61.5,152
20,0,152.0,88.0,0.0,10.0,56.3,152
21,0,152.0,92.0,0.0,11.0,54.6,152
22,0,152.0,96.0,0.0,11.0,56.1,152
23,0,152.0,100.0,-1.0,11.0,57.5,151
0,1,151.0,104.0,0.0,11.1,57.6,151
1,1,151.0,108.0,0.0,11.2,56.6,151
2,1,151.0,113.0,-1.0,11.1,54.7,150
3,1,150.0,117.0,-1.0,11.6,52.7,149
4,1,149.0,122.0,-2.0,11.9,51.0,147
5,1,147.0,126.0,-1.0,11.9,50.1,146
6,1,146.0,129.0,-2.0,11.7,49.7,144
7,1,144.0,133.0,-2.0,11.8,51.7,142
8,1,142.0,136.0,-1.0,11.9,54.8,141
9,1,141.0,138.0,-1.0,11.1,57.5,140
10,1,140.0,141.0,-1.0,10.7,58.3,139
11,1,139.0,146.0,0.0,11.6,53.9,139
12,1,139.0,150.0,-1.0,14.1,44.0,138
13,1,138.0,151.0,0.0,14.1,35.7,138
14,1,138.0,151.0,-1.0,13.5,31.5,137
15,1,137.0,152.0,-1.0,12.2,29.3,136
16,1,136.0,152.0,0.0,11.7,28.2,136
17,1,136.0,152.0,-1.0,11.4,45.8,135
18,1,135.0,152.0,1.0,11.1,52.7,136
19,1,136.0,152.0,0.0,12.2,55.5,136
20,1,136.0,152.0,0.0,12.1,56.2,136
21,1,136.0,152.0,0.0,12.5,58.0,136
22,1,136.0,152.0,0.0,12.7,60.1,136
23,1,136.0,151.0,1.0,12.7,61.7,137
0,2,137.0,151.0,0.0,12.4,62.4,137
1,2,137.0,151.0,1.0,11.5,62.2,138
2,2,138.0,150.0,0.0,10.9,61.5,138
3,2,138.0,149.0,1.0,10.4,60.5,139
4,2,139.0,147.0,1.0,10.2,59.8,140
5,2,140.0,146.0,1.0,8.6,58.6,141
6,2,141.0,144.0,0.0,9.2,58.8,141
7,2,141.0,142.0,1.0,9.8,60.5,142
8,2,142.0,141.0,1.0,10.7,63.1,143
9,2,143.0,140.0,1.0,10.5,64.3,144
10,2,144.0,139.0,1.0,9.7,61.9,145
11,2,145.0,139.0,0.0,10.8,47.7,145
12,2,145.0,138.0,0.0,12.8,33.4,145
13,2,145.0,138.0,-2.0,10.8,30.2,143
14,2,143.0,137.0,0.0,10.0,29.9,143
15,2,143.0,136.0,0.0,9.3,29.9,143
16,2,143.0,136.0,0.0,9.4,30.0,143
17,2,143.0,135.0,0.0,8.0,34.9,143
18,2,143.0,136.0,-1.0,7.0,48.5,142
19,2,142.0,136.0,-1.0,7.5,60.8,141
20,2,141.0,136.0,1.0,8.9,61.0,142
21,2,142.0,136.0,0.0,10.6,49.5,142
22,2,142.0,136.0,0.0,10.1,39.8,142
23,2,142.0,137.0,-3.0,9.2,33.5,139
0,3,139.0,137.0,-2.0,9.0,29.7,137
1,3,137.0,138.0,-4.0,8.6,27.8,133
2,3,133.0,138.0,-3.0,8.4,27.1,130
3,3,130.0,139.0,-4.0,8.4,27.2,126
4,3,126.0,140.0,-4.0,8.5,27.8,122
5,3,122.0,141.0,-3.0,8.4,27.1,119
6,3,119.0,141.0,-3.0,8.5,28.6,116
7,3,116.0,142.0,-3.0,8.5,32.5,113
8,3,113.0,143.0,-3.0,8.3,39.5,110
9,3,110.0,144.0,-3.0,7.7,43.1,107
10,3,107.0,145.0,-2.0,7.0,43.9,105
11,3,105.0,145.0,-2.0,3.9,35.6,103
12,3,103.0,145.0,-1.0,2.3,35.7,102
13,3,102.0,143.0,0.0,0.8,37.3,102
14,3,102.0,143.0,1.0,2.7,38.4,103
15,3,103.0,143.0,1.0,6.2,39.3,104
16,3,104.0,143.0,1.0,9.5,40.7,105
17,3,105.0,143.0,1.0,9.7,45.6,106
18,3,106.0,142.0,10.0,7.9,65.0,116
19,3,116.0,141.0,10.0,7.3,71.7,126
20,3,126.0,142.0,-9.0,7.8,70.8,117
21,3,117.0,142.0,-6.0,7.9,70.1,111
22,3,111.0,142.0,2.0,7.6,70.3,113
23,3,113.0,139.0,3.0,6.9,66.6,116
0,4,116.0,137.0,4.0,7.5,58.1,120
1,4,120.0,133.0,3.0,7.4,49.7,123
2,4,123.0,130.0,2.0,6.8,43.5,125
3,4,125.0,126.0,2.0,6.6,40.0,127
4,4,127.0,122.0,1.0,6.9,38.2,128
5,4,128.0,119.0,1.0,6.9,36.6,129
6,4,129.0,116.0,1.0,7.7,37.0,130
7,4,130.0,113.0,1.0,7.3,39.8,131
8,4,131.0,110.0,1.0,7.3,44.8,132
9,4,132.0,107.0,0.0,5.5,49.2,132
10,4,132.0,105.0,1.0,4.4,48.4,133
11,4,133.0,103.0,0.0,3.8,43.4,133
12,4,133.0,102.0,1.0,3.7,39.2,134
13,4,134.0,102.0,1.0,3.1,38.8,135
14,4,135.0,103.0,0.0,2.4,38.3,135
15,4,135.0,104.0,0.0,2.9,37.5,135
16,4,135.0,105.0,0.0,4.6,38.2,135
17,4,135.0,106.0,-1.0,6.9,41.3,134
18,4,134.0,116.0,0.0,7.7,59.0,134
19,4,134.0,126.0,-1.0,6.5,65.4,133
20,4,133.0,117.0,0.0,6.6,67.5,133
21,4,133.0,111.0,-1.0,4.6,71.2,132
22,4,132.0,113.0,0.0,5.6,77.1,132
23,4,132.0,116.0,1.0,4.5,84.8,133
0,5,133.0,120.0,2.0,4.7,85.7,135
1,5,135.0,123.0,3.0,4.5,79.4,138
2,5,138.0,125.0,3.0,2.8,71.9,141
3,5,141.0,127.0,3.0,3.3,66.1,144
4,5,144.0,128.0,3.0,2.6,60.3,147
5,5,147.0,129.0,2.0,2.1,61.5,149
6,5,149.0,130.0,1.0,1.9,58.6,150
7,5,150.0,131.0,1.0,2.4,61.0,151
8,5,151.0,132.0,0.0,4.1,71.9,151
9,5,151.0,132.0,1.0,2.7,75.0,152
10,5,152.0,133.0,0.0,1.9,58.3,152
11,5,152.0,133.0,1.0,1.2,54.9,153
12,5,153.0,134.0,0.0,3.8,45.8,153
13,5,153.0,135.0,0.0,6.0,39.0,153
14,5,153.0,135.0,0.0,7.7,36.4,153
15,5,153.0,135.0,0.0,8.3,35.2,153
16,5,153.0,135.0,0.0,8.5,35.6,153
17,5,153.0,134.0,0.0,8.5,48.9,153
18,5,153.0,134.0,0.0,8.4,57.3,153
19,5,153.0,133.0,0.0,7.0,61.9,153
20,5,153.0,133.0,0.0,5.3,63.1,153
21,5,153.0,132.0,0.0,4.7,63.8,153
22,5,153.0,132.0,0.0,5.4,65.0,153
23,5,153.0,133.0,-1.0,5.4,66.6,152
0,6,152.0,135.0,0.0,5.4,64.0,152
1,6,152.0,138.0,0.0,5.1,57.2,152
2,6,152.0,141.0,-1.0,5.2,50.1,151
3,6,151.0,144.0,0.0,4.7,45.9,151
4,6,151.0,147.0,-1.0,4.2,41.9,150
5,6,150.0,149.0,-1.0,2.1,37.5,149
6,6,149.0,150.0,-3.0,1.4,38.1,146
7,6,146.0,151.0,-2.0,1.9,45.5,144
8,6,144.0,151.0,-2.0,3.2,58.3,142
9,6,142.0,152.0,-1.0,2.2,54.5,141
10,6,141.0,152.0,-2.0,1.1,39.3,139
11,6,139.0,153.0,-2.0,5.2,25.1,137
12,6,137.0,153.0,-3.0,6.9,20.4,134
13,6,134.0,153.0,-3.0,9.2,19.4,131
14,6,131.0,153.0,-2.0,10.5,18.5,129
15,6,129.0,153.0,-2.0,10.8,17.3,127
16,6,127.0,153.0,-2.0,10.8,16.5,125
17,6,125.0,153.0,-2.0,8.7,18.3,123
18,6,123.0,153.0,-3.0,7.7,22.8,120
19,6,120.0,153.0,-3.0,7.1,25.9,117
20,6,117.0,153.0,-4.0,6.8,26.7,113
21,6,113.0,153.0,-4.0,7.0,25.7,109
22,6,109.0,153.0,-4.0,7.6,24.4,105
23,6,105.0,152.0,-4.0,8.1,22.4,101
0,0,101.0,152.0,-4.0,7.7,19.6,97
1,0,97.0,152.0,-4.0,8.1,17.3,93
2,0,93.0,151.0,-4.0,8.6,16.1,89
3,0,89.0,151.0,-3.0,8.5,15.3,86
4,0,86.0,150.0,-2.0,7.8,14.5,84
5,0,84.0,149.0,-3.0,8.5,16.0,81
6,0,81.0,146.0,-2.0,8.7,15.7,79
7,0,79.0,144.0,-2.0,8.7,19.6,77
8,0,77.0,142.0,-2.0,7.5,27.2,75
9,0,75.0,141.0,-3.0,6.0,27.9,72
10,0,72.0,139.0,-2.0,3.4,25.8,70
11,0,70.0,137.0,-1.0,2.7,28.2,69
12,0,69.0,134.0,0.0,1.5,27.7,69
13,0,69.0,131.0,1.0,4.1,27.8,70
14,0,70.0,129.0,0.0,6.7,28.0,70
15,0,70.0,127.0,1.0,8.5,28.5,71
16,0,71.0,125.0,1.0,9.3,29.8,72
17,0,72.0,123.0,1.0,9.7,42.3,73
18,0,73.0,120.0,2.0,8.5,57.5,75
19,0,75.0,117.0,4.0,6.8,63.1,79
20,0,79.0,113.0,3.0,7.0,66.1,82
21,0,82.0,109.0,3.0,8.3,72.9,85
22,0,85.0,105.0,5.0,8.5,79.4,90
23,0,90.0,101.0,4.0,9.5,81.0,94
0,1,94.0,97.0,6.0,9.9,84.1,100
1,1,100.0,93.0,6.0,9.9,83.6,106
2,1,106.0,89.0,7.0,10.4,79.9,113
3,1,113.0,86.0,7.0,10.7,75.4,120
4,1,120.0,84.0,6.0,11.0,71.5,126
5,1,126.0,81.0,6.0,11.4,69.4,132
6,1,132.0,79.0,6.0,11.7,66.8,138
7,1,138.0,77.0,5.0,11.5,65.9,143
8,1,143.0,75.0,5.0,11.6,66.4,148
9,1,148.0,72.0,2.0,9.8,65.0,150
10,1,150.0,70.0,1.0,8.9,60.5,151
11,1,151.0,69.0,1.0,10.7,52.0,152
12,1,152.0,69.0,0.0,10.3,39.7,152
13,1,152.0,70.0,1.0,9.4,32.7,153
14,1,153.0,70.0,0.0,8.5,30.4,153
15,1,153.0,71.0,0.0,8.0,29.9,153
16,1,153.0,72.0,0.0,8.2,30.2,153
17,1,153.0,73.0,0.0,8.6,25.4,153
18,1,153.0,75.0,0.0,8.9,39.1,153
19,1,153.0,79.0,-1.0,11.0,46.2,152
20,1,152.0,82.0,0.0,11.4,43.8,152
21,1,152.0,85.0,-1.0,10.9,41.4,151
22,1,151.0,90.0,0.0,10.0,39.3,151
23,1,151.0,94.0,-2.0,9.4,37.8,149
0,2,149.0,100.0,-5.0,9.1,36.4,144
1,2,144.0,106.0,-5.0,9.5,34.5,139
2,2,139.0,113.0,-5.0,9.6,32.2,134
3,2,134.0,120.0,-5.0,10.0,30.4,129
4,2,129.0,126.0,-5.0,10.2,29.0,124
5,2,124.0,132.0,-4.0,10.1,28.0,120
6,2,120.0,138.0,-4.0,9.8,28.0,116
7,2,116.0,143.0,-4.0,9.5,30.9,112
8,2,112.0,148.0,-4.0,9.3,36.1,108
9,2,108.0,150.0,-3.0,7.3,40.0,105
10,2,105.0,151.0,-3.0,6.1,36.0,102
11,2,102.0,152.0,-2.0,5.6,33.3,100
12,2,100.0,152.0,-2.0,5.2,29.2,98
13,2,98.0,153.0,-1.0,3.6,27.4,97
14,2,97.0,153.0,0.0,1.2,27.1,97
15,2,97.0,153.0,-1.0,2.1,27.0,96
16,2,96.0,153.0,0.0,5.5,27.4,96
17,2,96.0,153.0,0.0,10.5,27.3,96
18,2,96.0,153.0,0.0,10.4,48.4,96
19,2,96.0,152.0,1.0,9.1,57.6,97
20,2,97.0,152.0,1.0,7.8,58.1,98
21,2,98.0,151.0,1.0,6.4,59.8,99
22,2,99.0,151.0,2.0,6.9,63.8,101
23,2,101.0,149.0,3.0,7.1,64.3,104
0,3,104.0,144.0,2.0,7.0,61.2,106
1,3,106.0,139.0,3.0,7.2,54.8,109
2,3,109.0,134.0,2.0,7.4,49.1,111
3,3,111.0,129.0,2.0,7.4,45.2,113
4,3,113.0,124.0,1.0,7.2,42.4,114
5,3,114.0,120.0,2.0,5.0,39.5,116
6,3,116.0,116.0,1.0,5.1,38.4,117
7,3,117.0,112.0,1.0,5.7,42.8,118
8,3,118.0,108.0,1.0,6.0,52.6,119
9,3,119.0,105.0,2.0,4.9,51.8,121
10,3,121.0,102.0,1.0,3.1,45.1,122
11,3,122.0,100.0,1.0,1.4,37.4,123
12,3,123.0,98.0,1.0,2.5,36.1,124
13,3,124.0,97.0,0.0,5.1,34.7,124
14,3,124.0,97.0,1.0,6.9,35.5,125
15,3,125.0,96.0,1.0,7.9,36.9,126
16,3,126.0,96.0,1.0,7.9,38.3,127
17,3,127.0,96.0,1.0,8.9,37.4,128
18,3,128.0,96.0,1.0,8.9,48.1,129
19,3,129.0,97.0,0.0,7.9,49.6,129
20,3,129.0,98.0,-1.0,6.0,47.1,128
21,3,128.0,99.0,-1.0,5.9,45.2,127
22,3,127.0,101.0,-1.0,6.2,43.9,126
23,3,126.0,104.0,-3.0,4.9,43.3,123
0,4,123.0,106.0,-2.0,4.0,43.0,121
1,4,121.0,109.0,-2.0,5.2,42.1,119
2,4,119.0,111.0,-1.0,5.9,40.2,118
3,4,118.0,113.0,-1.0,6.5,37.4,117
4,4,117.0,114.0,-1.0,6.3,34.2,116
5,4,116.0,116.0,-1.0,5.9,34.5,115
6,4,115.0,117.0,0.0,7.1,33.5,115
7,4,115.0,118.0,-1.0,7.3,38.1,114
8,4,114.0,119.0,0.0,7.4,48.5,114
9,4,114.0,121.0,0.0,7.1,46.6,114
10,4,114.0,122.0,-1.0,5.4,37.6,113
11,4,113.0,123.0,-1.0,2.4,32.7,112
12,4,112.0,124.0,0.0,1.0,33.3,112
13,4,112.0,124.0,-1.0,3.6,33.6,111
14,4,111.0,125.0,0.0,6.2,34.6,111
15,4,111.0,126.0,0.0,7.9,35.2,111
16,4,111.0,127.0,0.0,8.7,35.5,111
17,4,111.0,128.0,0.0,8.2,33.1,111
18,4,111.0,129.0,-1.0,6.6,44.9,110
19,4,110.0,129.0,0.0,6.3,47.7,110
20,4,110.0,128.0,0.0,5.8,46.1,110
21,4,110.0,127.0,0.0,6.8,46.1,110
22,4,110.0,126.0,0.0,6.3,47.7,110
23,4,110.0,123.0,0.0,5.2,50.6,110
0,5,110.0,121.0,1.0,6.5,52.9,111
1,5,111.0,119.0,1.0,7.2,53.6,112
2,5,112.0,118.0,1.0,7.9,52.4,113
3,5,113.0,117.0,1.0,7.8,50.4,114
4,5,114.0,116.0,2.0,8.1,48.1,116
5,5,116.0,115.0,1.0,8.1,45.4,117
6,5,117.0,115.0,1.0,8.4,44.2,118
7,5,118.0,114.0,1.0,8.3,47.7,119
8,5,119.0,114.0,1.0,8.0,54.7,120
9,5,120.0,114.0,1.0,7.9,53.0,121
10,5,121.0,113.0,1.0,5.0,47.5,122
11,5,122.0,112.0,1.0,4.8,39.5,123
12,5,123.0,112.0,1.0,4.3,38.6,124
13,5,124.0,111.0,0.0,2.8,37.8,124
14,5,124.0,111.0,1.0,3.6,37.8,125
15,5,125.0,111.0,0.0,6.0,38.3,125
16,5,125.0,111.0,0.0,8.2,39.1,125
17,5,125.0,111.0,1.0,10.5,28.1,126
18,5,126.0,110.0,2.0,9.9,51.7,128
19,5,128.0,110.0,6.0,7.3,62.4,134
20,5,134.0,110.0,-7.0,7.3,64.3,127
21,5,127.0,110.0,2.0,7.0,66.1,129
22,5,129.0,110.0,2.0,7.0,67.1,131
23,5,131.0,110.0,2.0,7.1,64.5,133
0,6,133.0,111.0,2.0,8.6,54.6,135
1,6,135.0,112.0,0.0,7.2,45.2,135
2,6,135.0,113.0,-1.0,7.8,37.8,134
3,6,134.0,114.0,-2.0,7.6,32.6,132
4,6,132.0,116.0,-1.0,7.0,29.2,131
5,6,131.0,117.0,-2.0,6.7,27.9,129
6,6,129.0,118.0,-2.0,7.9,27.2,127
7,6,127.0,119.0,-2.0,8.3,31.1,125
8,6,125.0,120.0,-2.0,7.9,39.0,123
9,6,123.0,121.0,-1.0,7.5,41.7,122
10,6,122.0,122.0,-1.0,4.3,42.0,121
11,6,121.0,123.0,-1.0,4.5,33.9,120
12,6,120.0,124.0,-1.0,3.6,28.5,119
13,6,119.0,124.0,-1.0,3.8,26.5,118
14,6,118.0,125.0,-1.0,4.9,27.6,117
15,6,117.0,125.0,-1.0,5.5,29.9,116
16,6,116.0,125.0,-1.0,6.3,32.4,115
17,6,115.0,126.0,0.0,8.6,31.5,115
18,6,115.0,128.0,0.0,8.1,50.1,115
19,6,115.0,134.0,0.0,6.6,58.6,115
20,6,115.0,127.0,-1.0,6.4,61.2,114
21,6,114.0,129.0,0.0,7.0,64.0,114
22,6,114.0,131.0,0.0,6.8,67.3,114
23,6,114.0,133.0,0.0,6.9,68.2,114
0,0,114.0,135.0,0.0,7.4,66.4,114
1,0,114.0,135.0,1.0,7.7,61.5,115
2,0,115.0,134.0,2.0,7.3,55.8,117
3,0,117.0,132.0,2.0,7.6,51.0,119
4,0,119.0,131.0,2.0,6.9,47.3,121
5,0,121.0,129.0,2.0,6.2,42.1,123
6,0,123.0,127.0,1.0,6.6,41.2,124
7,0,124.0,125.0,2.0,7.2,44.2,126
8,0,126.0,123.0,1.0,7.4,51.5,127
9,0,127.0,122.0,1.0,6.0,50.5,128
10,0,128.0,121.0,1.0,4.2,47.1,129
11,0,129.0,120.0,1.0,4.1,39.9,130
12,0,130.0,119.0,0.0,4.1,38.3,130
13,0,130.0,118.0,1.0,4.3,38.6,131
14,0,131.0,117.0,2.0,6.5,41.0,133
15,0,133.0,116.0,1.0,7.6,43.4,134
16,0,134.0,115.0,2.0,7.9,44.8,136
17,0,136.0,115.0,1.0,7.6,38.4,137
18,0,137.0,115.0,1.0,7.7,48.5,138
19,0,138.0,115.0,-1.0,8.1,49.7,137
20,0,137.0,114.0,-1.0,8.5,46.8,136
21,0,136.0,114.0,-1.0,7.6,44.6,135
22,0,135.0,114.0,-2.0,7.8,43.4,133
23,0,133.0,114.0,-3.0,6.7,43.4,130
0,1,130.0,114.0,-2.0,6.1,43.5,128
1,1,128.0,115.0,-3.0,6.7,43.0,125
2,1,125.0,117.0,-1.0,5.1,42.1,124
3,1,124.0,119.0,-2.0,4.8,41.4,122
4,1,122.0,121.0,-1.0,5.2,40.7,121
5,1,121.0,123.0,-1.0,4.4,44.4,120
6,1,120.0,124.0,1.0,5.3,46.4,121
7,1,121.0,126.0,0.0,6.0,53.8,121
8,1,121.0,127.0,1.0,4.9,69.2,122
9,1,122.0,128.0,2.0,4.4,72.2,124
10,1,124.0,129.0,2.0,3.3,59.6,126
11,1,126.0,130.0,2.0,2.5,52.9,128
12,1,128.0,130.0,1.0,6.7,50.6,129
13,1,129.0,131.0,1.0,8.5,47.8,130
14,1,130.0,133.0,1.0,10.7,46.1,131
15,1,131.0,134.0,1.0,10.1,45.9,132
16,1,132.0,136.0,0.0,11.9,46.1,132
17,1,132.0,137.0,0.0,10.3,38.6,132
18,1,132.0,138.0,0.0,7.9,38.8,132
19,1,132.0,137.0,-1.0,7.2,39.8,131
20,1,131.0,136.0,-1.0,9.1,41.3,130
21,1,130.0,135.0,0.0,11.8,40.7,130
22,1,130.0,133.0,-1.0,12.1,37.3,129
23,1,129.0,130.0,-1.0,9.2,32.8,128
0,2,128.0,128.0,-1.0,8.9,26.5,127
1,2,127.0,125.0,-1.0,19.7,21.5,126
2,2,126.0,124.0,-3.0,6.8,15.5,123
3,2,123.0,122.0,-2.0,0.7,13.3,121
4,2,121.0,121.0,-3.0,0.7,13.6,118
5,2,118.0,120.0,-3.0,9.1,14.4,115
6,2,115.0,121.0,-3.0,9.1,17.1,112
7,2,112.0,121.0,-3.0,9.0,24.2,109
8,2,109.0,122.0,-3.0,12.4,35.7,106
9,2,106.0,124.0,-4.0,13.0,33.8,102
10,2,102.0,126.0,-4.0,17.2,23.1,98
11,2,98.0,128.0,-3.0,12.8,20.0,95
12,2,95.0,129.0,-3.0,13.6,18.0,92
13,2,92.0,130.0,-3.0,12.3,16.2,89
14,2,89.0,131.0,-2.0,11.1,14.3,87
15,2,87.0,132.0,-3.0,12.2,12.7,84
16,2,84.0,132.0,-3.0,13.2,11.9,81
17,2,81.0,132.0,-3.0,12.4,13.1,78
18,2,78.0,132.0,-3.0,9.8,16.8,75
19,2,75.0,131.0,-1.0,5.9,20.7,74
20,2,74.0,130.0,-2.0,4.7,22.6,72
21,2,72.0,130.0,-2.0,6.0,24.1,70
22,2,70.0,129.0,-1.0,6.0,26.1,69
23,2,69.0,128.0,-1.0,4.1,29.7,68
0,3,68.0,127.0,-1.0,5.0,31.4,67
1,3,67.0,126.0,1.0,2.8,30.3,68
2,3,68.0,123.0,1.0,6.6,29.2,69
3,3,69.0,121.0,1.0,7.0,27.9,70
4,3,70.0,118.0,1.0,7.3,24.4,71
5,3,71.0,115.0,1.0,8.7,21.2,72
6,3,72.0,112.0,1.0,8.4,22.2,73
7,3,73.0,109.0,0.0,8.0,34.7,73
8,3,73.0,106.0,1.0,8.0,53.4,74
9,3,74.0,102.0,2.0,6.9,67.5,76
10,3,76.0,98.0,3.0,6.7,77.1,79
11,3,79.0,95.0,4.0,6.7,74.0,83
12,3,83.0,92.0,5.0,5.6,57.0,88
13,3,88.0,89.0,4.0,3.7,46.1,92
14,3,92.0,87.0,2.0,3.6,41.1,94
15,3,94.0,84.0,3.0,3.3,40.4,97
16,3,97.0,81.0,2.0,4.6,41.0,99
17,3,99.0,78.0,3.0,5.7,43.2,102
18,3,102.0,75.0,3.0,10.4,53.1,105
19,3,105.0,74.0,4.0,9.1,72.9,109
20,3,109.0,72.0,5.0,6.4,87.1,114
21,3,114.0,70.0,7.0,7.3,90.1,121
22,3,121.0,69.0,7.0,7.3,82.4,128
23,3,128.0,68.0,6.0,8.2,73.3,134
0,4,134.0,67.0,4.0,8.5,63.8,138
1,4,138.0,68.0,4.0,7.7,56.5,142
2,4,142.0,69.0,3.0,7.6,51.8,145
3,4,145.0,70.0,2.0,8.4,49.2,147
4,4,147.0,71.0,2.0,9.3,47.7,149
5,4,149.0,72.0,1.0,8.5,49.5,150
6,4,150.0,73.0,1.0,8.8,48.9,151
7,4,151.0,73.0,1.0,9.0,51.8,152
8,4,152.0,74.0,0.0,9.3,56.8,152
9,4,152.0,76.0,0.0,7.5,59.0,152
10,4,152.0,79.0,0.0,6.7,52.4,152
11,4,152.0,83.0,-1.0,6.8,42.0,151
12,4,151.0,88.0,0.0,5.1,42.0,151
13,4,151.0,92.0,-1.0,3.5,44.0,150
14,4,150.0,94.0,0.0,2.5,44.2,150
15,4,150.0,97.0,0.0,2.1,44.2,150
16,4,150.0,99.0,0.0,2.9,44.2,150
17,4,150.0,102.0,0.0,6.7,43.2,150
18,4,150.0,105.0,0.0,11.6,48.0,150
19,4,150.0,109.0,0.0,10.8,68.7,150
20,4,150.0,114.0,0.0,6.5,86.4,150
21,4,150.0,121.0,0.0,4.0,95.9,150
22,4,150.0,128.0,0.0,5.7,90.6,150
23,4,150.0,134.0,0.0,5.9,79.9,150
0,5,150.0,138.0,1.0,6.6,68.7,151
1,5,151.0,142.0,0.0,6.5,58.9,151
2,5,151.0,145.0,0.0,6.5,51.5,151
3,5,151.0,147.0,0.0,6.5,45.6,151
4,5,151.0,149.0,0.0,5.9,41.7,151
5,5,151.0,150.0,0.0,4.9,38.9,151
6,5,151.0,151.0,-1.0,5.3,38.0,150
7,5,150.0,152.0,0.0,5.9,43.1,150
8,5,150.0,152.0,0.0,6.9,55.1,150
9,5,150.0,152.0,-1.0,5.8,51.1,149
10,5,149.0,152.0,0.0,4.9,40.2,149
11,5,149.0,151.0,-2.0,5.3,36.9,147
12,5,147.0,151.0,0.0,3.2,43.3,147
13,5,147.0,150.0,0.0,4.0,46.1,147
14,5,147.0,150.0,0.0,6.6,47.5,147
15,5,147.0,150.0,0.0,8.0,48.1,147
16,5,147.0,150.0,1.0,7.8,48.0,148
17,5,148.0,150.0,0.0,8.2,57.5,148
18,5,148.0,150.0,2.0,7.7,64.0,150
19,5,150.0,150.0,0.0,6.7,70.3,150
20,5,150.0,150.0,0.0,5.0,71.7,150
21,5,150.0,150.0,0.0,4.3,71.9,150
22,5,150.0,150.0,-2.0,3.6,71.2,148
23,5,148.0,150.0,-2.0,2.1,71.7,146
0,6,146.0,151.0,-1.0,3.5,72.4,145
1,6,145.0,151.0,0.0,4.0,71.0,145
2,6,145.0,151.0,1.0,4.6,67.5,146
3,6,146.0,151.0,2.0,5.4,62.9,148
4,6,148.0,151.0,2.0,5.7,58.3,150
5,6,150.0,151.0,0.0,5.9,58.9,150
6,6,150.0,150.0,1.0,6.4,59.4,151
7,6,151.0,150.0,0.0,7.0,65.4,151
8,6,151.0,150.0,1.0,7.0,77.3,152
9,6,152.0,149.0,0.0,6.0,74.3,152
10,6,152.0,149.0,1.0,5.3,57.5,153
11,6,153.0,147.0,0.0,6.4,54.7,153
12,6,153.0,147.0,0.0,4.7,53.4,153
13,6,153.0,147.0,1.0,4.9,52.9,154
14,6,154.0,147.0,0.0,6.3,51.0,154
15,6,154.0,147.0,0.0,7.6,52.4,154
16,6,154.0,148.0,0.0,8.9,53.8,154
17,6,154.0,148.0,0.0,7.8,48.4,154
18,6,154.0,150.0,0.0,7.3,54.9,154
19,6,154.0,150.0,0.0,7.6,57.5,154
20,6,154.0,150.0,-1.0,6.8,57.7,153
21,6,153.0,150.0,0.0,5.6,58.0,153
22,6,153.0,148.0,0.0,4.6,59.6,153
23,6,153.0,146.0,0.0,2.7,61.2,153
0,0,153.0,145.0,-1.0,4.5,61.0,152
1,0,152.0,145.0,0.0,5.3,57.6,152
2,0,152.0,146.0,0.0,5.7,52.2,152
3,0,152.0,148.0,-1.0,6.6,49.6,151
4,0,151.0,150.0,0.0,7.2,48.8,151
5,0,151.0,150.0,0.0,7.1,49.8,151
6,0,151.0,151.0,0.0,6.9,48.7,151
7,0,151.0,151.0,0.0,7.1,51.5,151
8,0,151.0,152.0,-1.0,6.8,59.1,150
9,0,150.0,152.0,-1.0,5.1,59.6,149
10,0,149.0,153.0,-1.0,5.0,53.3,148
11,0,148.0,153.0,-1.0,4.9,43.8,147
12,0,147.0,153.0,-1.0,3.6,41.7,146
13,0,146.0,154.0,-1.0,2.4,42.6,145
14,0,145.0,154.0,-1.0,2.9,42.0,144
15,0,144.0,154.0,-1.0,4.2,41.6,143
16,0,143.0,154.0,-1.0,6.8,41.6,142
17,0,142.0,154.0,-1.0,7.9,53.4,141
18,0,141.0,154.0,0.0,8.9,65.4,141
19,0,141.0,154.0,1.0,7.1,86.1,142
20,0,142.0,153.0,3.0,4.9,90.8,145
21,0,145.0,153.0,4.0,5.2,90.8,149
22,0,149.0,153.0,1.0,8.2,83.4,150
23,0,150.0,153.0,1.0,9.4,67.5,151
0,1,151.0,152.0,0.0,9.4,54.5,151
1,1,151.0,152.0,0.0,9.3,46.7,151
2,1,151.0,152.0,0.0,9.3,42.5,151
3,1,151.0,151.0,-1.0,9.2,39.8,150
4,1,150.0,151.0,0.0,9.1,38.1,150
5,1,150.0,151.0,0.0,8.8,37.1,150
6,1,150.0,151.0,-1.0,8.3,37.3,149
7,1,149.0,151.0,-1.0,7.4,39.8,148
8,1,148.0,150.0,-1.0,8.2,43.3,147
9,1,147.0,149.0,-2.0,7.0,44.4,145
10,1,145.0,148.0,-2.0,8.6,41.4,143
11,1,143.0,147.0,-1.0,8.7,35.5,142
12,1,142.0,146.0,-1.0,11.4,28.2,141
13,1,141.0,145.0,-1.0,11.8,22.6,140
14,1,140.0,144.0,-2.0,11.2,20.3,138
15,1,138.0,143.0,-3.0,10.2,20.1,135
16,1,135.0,142.0,-2.0,10.2,20.8,133
17,1,133.0,141.0,-2.0,10.1,30.9,131
18,1,131.0,141.0,-2.0,10.9,39.7,129
19,1,129.0,142.0,-3.0,12.7,44.6,126
20,1,126.0,145.0,-4.0,12.8,44.7,122
21,1,122.0,149.0,-5.0,12.5,45.3,117
22,1,117.0,150.0,-5.0,12.0,47.1,112
23,1,112.0,151.0,-4.0,11.6,49.4,108
0,2,108.0,151.0,-2.0,10.3,50.9,106
1,2,106.0,151.0,0.0,9.9,51.5,106
2,2,106.0,151.0,1.0,10.3,52.0,107
3,2,107.0,150.0,1.0,11.3,52.5,108
4,2,108.0,150.0,1.0,11.7,52.7,109
5,2,109.0,150.0,1.0,10.8,52.9,110
6,2,110.0,149.0,2.0,10.6,52.2,112
7,2,112.0,148.0,2.0,11.2,52.9,114
8,2,114.0,147.0,1.0,11.5,54.6,115
9,2,115.0,145.0,1.0,9.8,54.8,116
10,2,116.0,143.0,1.0,10.2,52.2,117
11,2,117.0,142.0,1.0,11.3,44.6,118
12,2,118.0,141.0,1.0,12.4,32.0,119
13,2,119.0,140.0,1.0,12.2,24.6,120
14,2,120.0,138.0,0.0,11.6,22.5,120
15,2,120.0,135.0,0.0,11.8,22.2,120
16,2,120.0,133.0,0.0,12.3,22.2,120
17,2,120.0,131.0,1.0,12.1,27.6,121
18,2,121.0,129.0,-1.0,12.2,33.8,120
19,2,120.0,126.0,0.0,13.7,37.4,120
20,2,120.0,122.0,-1.0,13.6,36.6,119
21,2,119.0,117.0,-1.0,12.9,36.2,118
22,2,118.0,112.0,-1.0,13.6,36.9,117
23,2,117.0,108.0,-1.0,14.4,38.0,116
0,3,116.0,106.0,-1.0,14.1,38.4,115
1,3,115.0,106.0,-2.0,13.7,38.1,113
2,3,113.0,107.0,-1.0,13.5,37.4,112
3,3,112.0,108.0,-1.0,13.4,36.7,111
4,3,111.0,109.0,-2.0,14.4,36.2,109
5,3,109.0,110.0,-2.0,14.2,38.0,107
6,3,107.0,112.0,-1.0,14.3,38.3,106
7,3,106.0,114.0,-2.0,13.2,39.9,104
8,3,104.0,115.0,-1.0,13.1,42.6,103
9,3,103.0,116.0,-1.0,10.0,43.4,102
10,3,102.0,117.0,-2.0,11.4,40.6,100
11,3,100.0,118.0,-1.0,12.6,33.8,99
12,3,99.0,119.0,-1.0,13.4,27.1,98
13,3,98.0,120.0,0.0,12.4,22.6,98
14,3,98.0,120.0,0.0,10.8,20.3,98
15,3,98.0,120.0,0.0,10.5,19.3,98
16,3,98.0,120.0,-1.0,10.5,19.3,97
17,3,97.0,121.0,0.0,10.4,11.7,97
18,3,97.0,120.0,-1.0,9.7,17.9,96
19,3,96.0,120.0,-2.0,11.4,23.6,94
20,3,94.0,119.0,-1.0,12.2,23.6,93
21,3,93.0,118.0,-1.0,12.1,23.2,92
22,3,92.0,117.0,-1.0,10.9,23.8,91
23,3,91.0,116.0,-1.0,10.5,25.0,90
0,4,90.0,115.0,-2.0,10.7,25.8,88
1,4,88.0,113.0,-1.0,10.4,25.8,87
2,4,87.0,112.0,-1.0,10.3,25.4,86
3,4,86.0,111.0,-1.0,9.9,25.3,85
4,4,85.0,109.0,-1.0,9.4,25.5,84
5,4,84.0,107.0,-1.0,8.9,24.7,83
6,4,83.0,106.0,-1.0,8.8,25.5,82
7,4,82.0,104.0,-1.0,8.5,28.2,81
8,4,81.0,103.0,-1.0,8.0,32.9,80
9,4,80.0,102.0,-1.0,6.2,35.2,79
10,4,79.0,100.0,-1.0,6.6,31.5,78
11,4,78.0,99.0,-1.0,7.3,25.4,77
12,4,77.0,98.0,0.0,7.1,22.4,77
13,4,77.0,98.0,-1.0,6.4,21.7,76
14,4,76.0,98.0,0.0,5.5,21.8,76
15,4,76.0,98.0,0.0,5.2,21.6,76
16,4,76.0,97.0,0.0,4.8,21.3,76
17,4,76.0,97.0,4.0,4.2,10.6,80
18,4,80.0,96.0,13.0,2.0,20.3,93
19,4,93.0,94.0,1.0,1.5,33.2,94
20,4,94.0,93.0,-13.0,6.2,25.3,81
21,4,81.0,92.0,-3.0,9.2,18.0,78
22,4,78.0,91.0,-1.0,11.0,14.6,77
23,4,77.0,90.0,0.0,11.6,13.4,77
0,5,77.0,88.0,-2.0,11.1,13.8,75
1,5,75.0,87.0,-1.0,10.6,14.7,74
2,5,74.0,86.0,-1.0,10.8,15.5,73
3,5,73.0,85.0,0.0,10.6,16.4,73
4,5,73.0,84.0,-1.0,10.7,17.4,72
5,5,72.0,83.0,-1.0,11.2,19.7,71
6,5,71.0,82.0,0.0,10.7,21.4,71
7,5,71.0,81.0,-1.0,10.6,24.8,70
8,5,70.0,80.0,0.0,10.3,30.3,70
9,5,70.0,79.0,0.0,9.2,32.7,70
10,5,70.0,78.0,-1.0,8.2,31.2,69
11,5,69.0,77.0,0.0,8.3,30.4,69
12,5,69.0,77.0,1.0,6.8,28.0,70
13,5,70.0,76.0,0.0,5.2,25.7,70
14,5,70.0,76.0,1.0,5.4,25.1,71
15,5,71.0,76.0,0.0,6.1,25.1,71
16,5,71.0,76.0,0.0,5.9,25.6,71
17,5,71.0,80.0,15.0,7.1,24.6,86
18,5,86.0,93.0,13.0,4.7,34.1,99
19,5,99.0,94.0,1.0,4.1,54.7,100
20,5,100.0,81.0,-14.0,8.6,57.7,86
21,5,86.0,78.0,-7.0,8.0,46.3,79
22,5,79.0,77.0,2.0,9.7,39.6,81
23,5,81.0,77.0,3.0,8.8,36.7,84
0,6,84.0,75.0,2.0,9.3,35.9,86
1,6,86.0,74.0,2.0,9.6,35.6,88
2,6,88.0,73.0,2.0,9.1,35.5,90
3,6,90.0,73.0,1.0,9.1,35.9,91
4,6,91.0,72.0,2.0,9.6,36.6,93
5,6,93.0,71.0,2.0,9.8,37.8,95
6,6,95.0,71.0,1.0,10.0,39.0,96
7,6,96.0,70.0,2.0,10.6,41.6,98
8,6,98.0,70.0,1.0,10.5,46.1,99
9,6,99.0,70.0,2.0,9.1,48.4,101
10,6,101.0,69.0,2.0,8.8,44.0,103
11,6,103.0,69.0,1.0,7.6,41.0,104
12,6,104.0,70.0,1.0,7.6,36.1,105
13,6,105.0,70.0,1.0,8.2,30.3,106
14,6,106.0,71.0,0.0,8.3,26.6,106
15,6,106.0,71.0,1.0,8.5,24.2,107
16,6,107.0,71.0,-1.0,8.8,22.7,106
17,6,106.0,86.0,0.0,9.5,22.7,106
18,6,106.0,99.0,0.0,9.5,30.5,106
19,6,106.0,100.0,0.0,10.8,36.4,106
20,6,106.0,86.0,-2.0,11.6,35.6,104
21,6,104.0,79.0,-3.0,11.8,35.4,101
22,6,101.0,81.0,-1.0,11.5,36.8,100
23,6,100.0,84.0,0.0,10.8,38.9,100
0,0,100.0,86.0,0.0,10.5,40.5,100
1,0,100.0,88.0,1.0,9.8,41.3,101
2,0,101.0,90.0,0.0,9.6,41.4,101
3,0,101.0,91.0,1.0,8.9,41.3,102
4,0,102.0,93.0,0.0,8.9,40.6,102
5,0,102.0,95.0,1.0,8.9,40.4,103
6,0,103.0,96.0,0.0,8.7,41.3,103
7,0,103.0,98.0,0.0,8.0,44.6,103
8,0,103.0,99.0,1.0,7.9,52.2,104
9,0,104.0,101.0,0.0,5.7,57.4,104
10,0,104.0,103.0,1.0,4.5,54.5,105
11,0,105.0,104.0,1.0,3.1,54.1,106
12,0,106.0,105.0,2.0,1.8,50.2,108
13,0,108.0,106.0,1.0,1.4,46.1,109
14,0,109.0,106.0,2.0,4.1,44.5,111
15,0,111.0,107.0,2.0,7.3,43.9,113
16,0,113.0,106.0,2.0,9.0,43.7,115
17,0,115.0,106.0,2.0,8.7,27.4,117
18,0,117.0,106.0,0.0,6.5,42.6,117
19,0,117.0,106.0,6.0,5.6,58.7,123
20,0,123.0,104.0,-2.0,4.5,67.1,121
21,0,121.0,101.0,3.0,0.9,77.1,124
22,0,124.0,100.0,5.0,1.0,79.2,129
23,0,129.0,100.0,4.0,2.8,71.5,133
0,1,133.0,100.0,3.0,4.6,62.9,136
1,1,136.0,101.0,3.0,6.1,53.9,139
2,1,139.0,101.0,1.0,6.2,47.4,140
3,1,140.0,102.0,1.0,7.7,43.3,141
4,1,141.0,102.0,0.0,8.1,41.0,141
5,1,141.0,103.0,0.0,7.6,38.8,141
6,1,141.0,103.0,0.0,7.6,36.6,141
7,1,141.0,103.0,-1.0,8.3,36.6,140
8,1,140.0,104.0,-1.0,8.2,39.2,139
9,1,139.0,104.0,-1.0,6.2,39.6,138
10,1,138.0,105.0,-2.0,5.7,31.7,136
11,1,136.0,106.0,-2.0,5.9,27.5,134
12,1,134.0,108.0,-3.0,6.0,25.3,131
13,1,131.0,109.0,-3.0,4.5,24.6,128
14,1,128.0,111.0,-2.0,3.1,25.0,126
15,1,126.0,113.0,-2.0,1.6,25.7,124
16,1,124.0,115.0,-2.0,2.3,26.7,122
17,1,122.0,117.0,-1.0,9.1,27.4,121
18,1,121.0,117.0,0.0,9.8,38.9,121
19,1,121.0,123.0,-1.0,5.1,56.6,120
20,1,120.0,121.0,0.0,0.5,63.1,120
21,1,120.0,124.0,0.0,4.3,68.7,120
22,1,120.0,129.0,-1.0,4.3,73.3,119
23,1,119.0,133.0,-1.0,3.4,74.5,118
0,2,118.0,136.0,0.0,4.6,71.2,118
1,2,118.0,139.0,1.0,4.4,67.1,119
2,2,119.0,140.0,2.0,3.7,63.6,121
3,2,121.0,141.0,1.0,4.0,61.0,122
4,2,122.0,141.0,2.0,4.7,58.6,124
5,2,124.0,141.0,2.0,4.0,54.7,126
6,2,126.0,141.0,2.0,3.3,54.1,128
7,2,128.0,140.0,1.0,2.3,57.6,129
8,2,129.0,139.0,3.0,3.1,69.2,132
9,2,132.0,138.0,3.0,2.5,69.8,135
10,2,135.0,136.0,3.0,1.1,48.1,138
11,2,138.0,134.0,2.0,2.9,32.2,140
12,2,140.0,131.0,0.0,5.4,26.3,140
13,2,140.0,128.0,0.0,8.6,24.2,140
14,2,140.0,126.0,0.0,10.4,23.0,140
15,2,140.0,124.0,0.0,10.8,21.9,140
16,2,140.0,122.0,0.0,10.7,21.1,140
17,2,140.0,121.0,-1.0,9.6,19.6,139
18,2,139.0,121.0,-1.0,7.3,22.2,138
19,2,138.0,120.0,-2.0,6.0,28.5,136
20,2,136.0,120.0,-3.0,5.5,30.7,133
21,2,133.0,120.0,-3.0,4.8,31.9,130
22,2,130.0,119.0,-4.0,4.2,32.2,126
23,2,126.0,118.0,-4.0,5.8,31.7,122
0,3,122.0,118.0,-4.0,7.5,30.2,118
1,3,118.0,119.0,-5.0,7.5,28.1,113
2,3,113.0,121.0,-4.0,7.1,26.1,109
3,3,109.0,122.0,-4.0,4.6,26.4,105
4,3,105.0,124.0,-3.0,5.0,27.8,102
5,3,102.0,126.0,-3.0,2.7,31.9,99
6,3,99.0,128.0,-2.0,1.8,36.2,97
7,3,97.0,129.0,-2.0,0.9,45.8,95
8,3,95.0,132.0,-1.0,1.3,62.4,94
9,3,94.0,135.0,-1.0,2.6,67.8,93
10,3,93.0,138.0,0.0,2.8,64.7,93
11,3,93.0,140.0,2.0,3.6,41.2,95
12,3,95.0,140.0,1.0,7.7,26.0,96
13,3,96.0,140.0,0.0,11.4,21.1,96
14,3,96.0,140.0,-1.0,12.1,18.7,95
15,3,95.0,140.0,0.0,11.1,17.3,95
16,3,95.0,140.0,-1.0,11.0,16.0,94
17,3,94.0,139.0,0.0,11.3,12.3,94
18,3,94.0,138.0,-1.0,9.5,15.5,93
19,3,93.0,136.0,0.0,8.0,25.4,93
20,3,93.0,133.0,-1.0,6.8,32.0,92
21,3,92.0,130.0,1.0,5.2,39.3,93
22,3,93.0,126.0,0.0,5.5,46.8,93
23,3,93.0,122.0,2.0,3.2,52.3,95
0,4,95.0,118.0,1.0,4.2,55.3,96
1,4,96.0,113.0,3.0,4.0,55.5,99
2,4,99.0,109.0,2.0,3.5,55.1,101
3,4,101.0,105.0,3.0,2.5,53.0,104
4,4,104.0,102.0,3.0,1.9,49.4,107
5,4,107.0,99.0,2.0,3.5,48.9,109
6,4,109.0,97.0,2.0,5.1,54.7,111
7,4,111.0,95.0,2.0,5.1,63.3,113
8,4,113.0,94.0,2.0,4.1,76.8,115
9,4,115.0,93.0,1.0,3.5,74.0,116
10,4,116.0,93.0,1.0,2.3,66.6,117
11,4,117.0,95.0,0.0,4.8,37.8,117
12,4,117.0,96.0,0.0,9.8,24.6,117
13,4,117.0,96.0,0.0,11.6,21.7,117
14,4,117.0,95.0,0.0,11.5,19.5,117
15,4,117.0,95.0,0.0,11.1,18.0,117
16,4,117.0,94.0,0.0,11.9,16.6,117
17,4,117.0,94.0,0.0,11.8,14.9,117
18,4,117.0,93.0,0.0,8.5,17.1,117
19,4,117.0,93.0,0.0,6.9,23.1,117
20,4,117.0,92.0,0.0,7.0,27.1,117
21,4,117.0,93.0,0.0,7.3,29.7,117
22,4,117.0,93.0,-1.0,7.2,31.7,116
23,4,116.0,95.0,-2.0,7.0,32.9,114
0,5,114.0,96.0,-2.0,8.8,33.1,112
1,5,112.0,99.0,-2.0,8.5,31.2,110
2,5,110.0,101.0,-3.0,7.5,29.5,107
3,5,107.0,104.0,-3.0,8.0,28.4,104
4,5,104.0,107.0,-2.0,9.1,26.8,102
5,5,102.0,109.0,-2.0,7.4,25.9,100
6,5,100.0,111.0,-2.0,7.6,25.3,98
7,5,98.0,113.0,-3.0,7.7,28.9,95
8,5,95.0,115.0,-3.0,6.8,37.6,92
9,5,92.0,116.0,-4.0,5.2,41.6,88
10,5,88.0,117.0,-2.0,5.7,33.3,86
11,5,86.0,117.0,-3.0,8.1,30.7,83
12,5,83.0,117.0,-1.0,9.6,29.9,82
13,5,82.0,117.0,0.0,12.0,29.6,82
14,5,82.0,117.0,1.0,13.0,29.4,83
15,5,83.0,117.0,1.0,12.7,28.8,84
16,5,84.0,117.0,1.0,12.2,27.6,85
17,5,85.0,117.0,1.0,11.8,26.6,86
18,5,86.0,117.0,1.0,11.0,24.9,87
19,5,87.0,117.0,1.0,8.8,26.0,88
20,5,88.0,117.0,0.0,7.5,26.8,88
21,5,88.0,117.0,0.0,6.5,27.4,88
22,5,88.0,116.0,0.0,6.5,27.8,88
23,5,88.0,114.0,-1.0,4.0,28.2,87
0,6,87.0,112.0,0.0,3.9,28.1,87
1,6,87.0,110.0,0.0,4.8,28.1,87
2,6,87.0,107.0,-1.0,4.1,28.1,86
3,6,86.0,104.0,0.0,3.1,27.9,86
4,6,86.0,102.0,0.0,4.6,27.6,86
5,6,86.0,100.0,0.0,6.0,33.9,86
6,6,86.0,98.0,1.0,6.0,35.6,87
7,6,87.0,95.0,1.0,6.0,42.5,88
8,6,88.0,92.0,1.0,6.9,56.2,89
9,6,89.0,88.0,2.0,6.4,56.2,91
10,6,91.0,86.0,1.0,5.1,44.0,92
11,6,92.0,83.0,1.0,5.5,33.5,93
12,6,93.0,82.0,0.0,5.1,32.8,93
13,6,93.0,82.0,0.0,6.8,31.3,93
14,6,93.0,83.0,1.0,8.6,29.5,94
15,6,94.0,84.0,0.0,9.2,27.9,94
16,6,94.0,85.0,-1.0,8.7,26.7,93
17,6,93.0,86.0,0.0,10.0,30.2,93
18,6,93.0,87.0,1.0,9.5,28.5,94
19,6,94.0,88.0,0.0,8.0,27.8,94
20,6,94.0,88.0,0.0,7.1,27.5,94
21,6,94.0,88.0,0.0,6.3,29.5,94
22,6,94.0,88.0,0.0,7.7,32.4,94
23,6,94.0,87.0,1.0,6.2,35.3,95
0,0,95.0,87.0,0.0,4.8,38.8,95
1,0,95.0,87.0,1.0,0.5,41.8,96
2,0,96.0,86.0,2.0,1.5,43.1,98
3,0,98.0,86.0,1.0,4.1,43.4,99
4,0,99.0,86.0,1.0,5.0,42.0,100
5,0,100.0,86.0,2.0,3.0,44.0,102
6,0,102.0,87.0,1.0,4.0,44.0,103
7,0,103.0,88.0,1.0,4.8,47.3,104
8,0,104.0,89.0,0.0,4.3,58.4,104
9,0,104.0,91.0,1.0,3.6,57.6,105
10,0,105.0,92.0,0.0,3.2,47.6,105
11,0,105.0,93.0,0.0,3.2,40.0,105
12,0,105.0,93.0,1.0,5.6,39.6,106
13,0,106.0,93.0,0.0,7.7,39.1,106
14,0,106.0,94.0,1.0,9.4,38.1,107
15,0,107.0,94.0,1.0,10.4,37.1,108
16,0,108.0,93.0,1.0,10.7,37.0,109
17,0,109.0,93.0,1.0,9.8,34.2,110
18,0,110.0,94.0,1.0,8.6,35.5,111
19,0,111.0,94.0,0.0,6.7,37.4,111
20,0,111.0,94.0,1.0,6.3,37.0,112
21,0,112.0,94.0,1.0,6.2,36.9,113
22,0,113.0,94.0,1.0,7.4,36.9,114
23,0,114.0,95.0,1.0,6.6,36.0,115
0,1,115.0,95.0,0.0,6.4,34.5,115
1,1,115.0,96.0,-1.0,5.0,33.1,114
2,1,114.0,98.0,-1.0,3.0,31.0,113
3,1,113.0,99.0,-1.0,4.2,29.0,112
4,1,112.0,100.0,-1.0,4.0,27.6,111
5,1,111.0,102.0,-2.0,3.9,28.6,109
6,1,109.0,103.0,-2.0,4.0,29.2,107
7,1,107.0,104.0,-1.0,4.1,33.3,106
8,1,106.0,104.0,-2.0,5.2,44.7,104
9,1,104.0,105.0,-1.0,4.5,45.2,103
10,1,103.0,105.0,-1.0,3.5,38.3,102
11,1,102.0,105.0,-1.0,2.2,29.3,101
12,1,101.0,106.0,-1.0,5.3,31.9,100
13,1,100.0,106.0,-1.0,8.5,33.8,99
14,1,99.0,107.0,0.0,10.5,33.2,99
15,1,99.0,108.0,-1.0,10.5,31.7,98
16,1,98.0,109.0,0.0,9.8,30.3,98
17,1,98.0,110.0,-1.0,8.6,25.3,97
18,1,97.0,111.0,-1.0,7.0,26.7,96
19,1,96.0,111.0,-1.0,6.0,31.1,95
20,1,95.0,112.0,0.0,5.4,33.9,95
21,1,95.0,113.0,0.0,6.1,36.1,95
22,1,95.0,114.0,0.0,4.5,38.1,95
23,1,95.0,115.0,0.0,3.8,37.0,95
0,2,95.0,115.0,0.0,5.0,33.6,95
1,2,95.0,114.0,0.0,4.8,30.4,95
2,2,95.0,113.0,-1.0,5.5,28.0,94
3,2,94.0,112.0,0.0,5.8,26.3,94
4,2,94.0,111.0,0.0,5.5,24.6,94
5,2,94.0,109.0,0.0,5.2,25.1,94
6,2,94.0,107.0,-1.0,5.9,25.4,93
7,2,93.0,106.0,0.0,6.6,28.5,93
8,2,93.0,104.0,0.0,6.8,36.7,93
9,2,93.0,103.0,-1.0,7.0,38.5,92
10,2,92.0,102.0,-1.0,5.3,30.0,91
11,2,91.0,101.0,0.0,2.0,24.3,91
12,2,91.0,100.0,-1.0,3.9,24.5,90
13,2,90.0,99.0,-1.0,6.7,26.6,89
14,2,89.0,99.0,0.0,7.6,27.0,89
15,2,89.0,98.0,-1.0,7.6,26.6,88
16,2,88.0,98.0,0.0,7.2,26.1,88
17,2,88.0,97.0,-1.0,8.4,27.0,87
18,2,87.0,96.0,1.0,8.9,27.8,88
19,2,88.0,95.0,0.0,7.7,31.1,88
20,2,88.0,95.0,0.0,7.0,32.9,88
21,2,88.0,95.0,0.0,5.7,35.2,88
22,2,88.0,95.0,0.0,6.7,37.5,88
23,2,88.0,95.0,-1.0,4.3,37.8,87
0,3,87.0,95.0,1.0,6.7,37.0,88
1,3,88.0,95.0,0.0,6.5,35.5,88
2,3,88.0,94.0,0.0,2.3,33.9,88
3,3,88.0,94.0,1.0,0.4,32.2,89
4,3,89.0,94.0,0.0,0.4,31.9,89
5,3,89.0,94.0,1.0,3.6,34.1,90
6,3,90.0,93.0,1.0,4.3,35.5,91
7,3,91.0,93.0,1.0,4.9,46.0,92
8,3,92.0,93.0,1.0,5.5,56.9,93
9,3,93.0,92.0,2.0,7.3,50.2,95
10,3,95.0,91.0,1.0,17.6,27.9,96
11,3,96.0,91.0,0.0,20.9,22.8,96
12,3,96.0,90.0,0.0,20.7,21.7,96
13,3,96.0,89.0,-1.0,15.4,20.8,95
14,3,95.0,89.0,0.0,23.2,20.5,95
15,3,95.0,88.0,-1.0,23.8,18.1,94
16,3,94.0,88.0,0.0,14.5,17.3,94
17,3,94.0,87.0,-1.0,9.5,19.2,93
18,3,93.0,88.0,-1.0,10.2,21.7,92
19,3,92.0,88.0,0.0,12.2,28.0,92
20,3,92.0,88.0,-1.0,15.2,30.9,91
21,3,91.0,88.0,0.0,17.7,31.5,91
22,3,91.0,88.0,0.0,18.0,28.2,91
23,3,91.0,87.0,-1.0,17.9,25.4,90
0,4,90.0,88.0,-1.0,17.4,23.5,89
1,4,89.0,88.0,-1.0,16.1,21.3,88
2,4,88.0,88.0,-2.0,16.6,19.8,86
3,4,86.0,89.0,-1.0,16.5,18.5,85
4,4,85.0,89.0,-1.0,14.3,18.3,84
5,4,84.0,90.0,-1.0,13.1,20.1,83
6,4,83.0,91.0,-1.0,13.5,27.5,82
7,4,82.0,92.0,-1.0,13.5,37.3,81
8,4,81.0,93.0,-1.0,14.8,47.3,80
9,4,80.0,95.0,-1.0,13.0,53.7,79
10,4,79.0,96.0,1.0,12.8,52.7,80
11,4,80.0,96.0,2.0,11.0,47.7,82
12,4,82.0,96.0,2.0,12.8,41.2,84
13,4,84.0,95.0,2.0,13.3,36.4,86
14,4,86.0,95.0,1.0,11.8,33.1,87
15,4,87.0,94.0,1.0,10.5,32.2,88
16,4,88.0,94.0,1.0,10.9,32.0,89
17,4,89.0,93.0,2.0,10.8,32.6,91
18,4,91.0,92.0,1.0,10.8,35.3,92
19,4,92.0,92.0,1.0,9.7,37.3,93
20,4,93.0,91.0,1.0,6.8,36.2,94
21,4,94.0,91.0,0.0,5.5,35.5,94
22,4,94.0,91.0,1.0,4.2,37.6,95
23,4,95.0,90.0,1.0,3.8,41.4,96
0,5,96.0,89.0,1.0,3.6,44.2,97
1,5,97.0,88.0,2.0,6.1,44.1,99
2,5,99.0,86.0,2.0,5.9,41.9,101
3,5,101.0,85.0,2.0,6.6,38.8,103
4,5,103.0,84.0,2.0,7.8,35.9,105
5,5,105.0,83.0,2.0,8.7,33.5,107
6,5,107.0,82.0,2.0,10.5,32.0,109
7,5,109.0,81.0,0.0,12.2,32.7,109
8,5,109.0,80.0,0.0,12.5,34.9,109
9,5,109.0,79.0,-2.0,12.5,35.0,107
10,5,107.0,80.0,-2.0,12.2,29.0,105
11,5,105.0,82.0,-2.0,12.7,22.8,103
12,5,103.0,84.0,-3.0,15.8,17.2,100
13,5,100.0,86.0,-2.0,16.5,14.9,98
14,5,98.0,87.0,-2.0,16.2,15.3,96
15,5,96.0,88.0,-1.0,16.3,16.2,95
16,5,95.0,89.0,-2.0,15.7,16.9,93
17,5,93.0,91.0,-1.0,15.3,17.2,92
18,5,92.0,92.0,-1.0,14.5,18.8,91
19,5,91.0,93.0,-2.0,14.7,19.6,89
20,5,89.0,94.0,-1.0,14.7,17.9,88
21,5,88.0,94.0,-2.0,15.0,16.1,86
22,5,86.0,95.0,-2.0,15.3,14.8,84
23,5,84.0,96.0,-2.0,16.9,14.1,82
0,6,82.0,97.0,-2.0,17.5,14.0,80
1,6,80.0,99.0,-3.0,17.5,14.6,77
2,6,77.0,101.0,-3.0,17.1,15.9,74
3,6,74.0,103.0,-2.0,16.9,17.4,72
4,6,72.0,105.0,-2.0,16.6,18.9,70
5,6,70.0,107.0,-1.0,16.9,20.0,69
6,6,69.0,109.0,-1.0,16.5,21.7,68
7,6,68.0,109.0,-1.0,16.4,24.2,67
8,6,67.0,109.0,-1.0,16.1,26.7,66
9,6,66.0,107.0,-1.0,15.1,27.6,65
10,6,65.0,105.0,0.0,15.4,26.1,65
11,6,65.0,103.0,-1.0,17.7,22.4,64
12,6,64.0,100.0,0.0,17.6,19.7,64
13,6,64.0,98.0,0.0,17.2,17.6,64
14,6,64.0,96.0,1.0,16.6,16.5,65
15,6,65.0,95.0,0.0,15.6,16.2,65
16,6,65.0,93.0,0.0,14.4,15.8,65
17,6,65.0,92.0,0.0,13.4,18.5,65
18,6,65.0,91.0,0.0,12.3,21.8,65
19,6,65.0,89.0,0.0,11.9,23.9,65
20,6,65.0,88.0,0.0,12.1,22.9,65
21,6,65.0,86.0,1.0,11.9,21.7,66
22,6,66.0,84.0,0.0,11.8,21.5,66
23,6,66.0,82.0,1.0,13.0,22.1,67
0,0,67.0,80.0,1.0,12.8,22.9,68
1,0,68.0,77.0,0.0,13.7,23.2,68
2,0,68.0,74.0,1.0,13.4,23.7,69
3,0,69.0,72.0,1.0,13.3,24.3,70
4,0,70.0,70.0,1.0,13.4,24.8,71
5,0,71.0,69.0,0.0,13.6,24.3,71
6,0,71.0,68.0,0.0,13.5,24.7,71
7,0,71.0,67.0,1.0,14.0,26.0,72
8,0,72.0,66.0,0.0,13.6,28.7,72
9,0,72.0,65.0,0.0,11.6,29.5,72
10,0,72.0,65.0,0.0,12.9,25.2,72
11,0,72.0,64.0,0.0,15.6,21.4,72
12,0,72.0,64.0,0.0,14.9,19.0,72
13,0,72.0,64.0,0.0,11.8,18.9,72
14,0,72.0,65.0,0.0,9.3,20.0,72
15,0,72.0,65.0,0.0,7.6,21.5,72
16,0,72.0,65.0,1.0,6.8,22.6,73
17,0,73.0,65.0,9.0,5.6,19.6,82
18,0,82.0,65.0,14.0,6.0,31.8,96
19,0,96.0,65.0,2.0,7.9,52.0,98
20,0,98.0,65.0,-12.0,10.6,46.4,86
21,0,86.0,66.0,-7.0,11.2,29.3,79
22,0,79.0,66.0,1.0,11.2,18.9,80
23,0,80.0,67.0,0.0,11.3,13.9,80
0,1,80.0,68.0,-1.0,9.3,11.9,79
1,1,79.0,68.0,-1.0,10.8,11.2,78
2,1,78.0,69.0,-1.0,9.9,11.5,77
3,1,77.0,70.0,-1.0,10.4,12.5,76
4,1,76.0,71.0,-1.0,10.9,13.7,75
5,1,75.0,71.0,-1.0,11.5,14.5,74
6,1,74.0,71.0,-1.0,10.4,15.8,73
7,1,73.0,72.0,-1.0,9.4,18.6,72
8,1,72.0,72.0,-1.0,9.2,24.8,71
9,1,71.0,72.0,0.0,6.4,26.3,71
10,1,71.0,72.0,0.0,5.0,24.1,71
11,1,71.0,72.0,0.0,5.0,21.6,71
12,1,71.0,72.0,0.0,5.9,17.2,71
13,1,71.0,72.0,-1.0,7.7,17.5,70
14,1,70.0,72.0,0.0,10.1,18.8,70
15,1,70.0,72.0,0.0,12.2,19.3,70
16,1,70.0,73.0,0.0,11.6,18.8,70
