Date_Time,Temp_C,Humidity_%,Wind_Speed_kmh,Pressure_hPa,US_AQI,PM2.5_ugm3,PM10_ugm3,NO2_ugm3,CO_ugm3,SO2_ugm3,O3_ugm3
2025-11-25T00:00,20.5,37,8.8,1017.7,134,41.8,42.6,59.6,665,18.4,33
2025-11-25T01:00,19.9,40,9.1,1017.5,131,39.1,40.4,42.3,607,15.3,46
2025-11-25T02:00,19.5,41,9.5,1017.3,128,38.2,39.8,28,576,13.1,58
2025-11-25T03:00,19.2,41,9.9,1016.8,127,37.7,39.8,18,507,11.9,69
2025-11-25T04:00,18.7,43,10.3,1016.8,125,37.3,39.6,11.1,466,11.7,80
2025-11-25T05:00,17.9,45,10.9,1016.8,125,37,39.5,11.6,495,12.3,74
2025-11-25T06:00,17.4,46,11.4,1017.1,124,36.9,39.2,19.3,667,13,68
2025-11-25T07:00,17.2,47,12.1,1017.9,123,39.1,41.4,29.5,910,14.2,62
2025-11-25T08:00,18.4,43,12.2,1018.3,122,42.5,44.7,34.7,1045,16.2,64
2025-11-25T09:00,20.6,36,10.8,1018.8,120,43.3,45.3,30.2,969,20.2,83
2025-11-25T10:00,23.6,29,9.8,1018.8,119,41.7,44.1,20.7,785,25,111
2025-11-25T11:00,26,24,11.2,1018.2,118,42.8,45.3,12.8,627,27.8,133
2025-11-25T12:00,27.4,20,11.6,1017.2,119,36.3,38.4,8.2,530,26.7,145
2025-11-25T13:00,28.1,19,9.7,1016.1,119,32.8,34.7,5.1,459,23.5,152
2025-11-25T14:00,28.5,19,9.8,1014.8,120,33.4,35.3,4.7,437,21.1,153
2025-11-25T15:00,28.6,19,9.2,1014.2,120,33.8,35.6,7.9,480,20.6,149
2025-11-25T16:00,28.4,20,9.3,1013.9,121,34.5,36.3,13.8,572,20.7,139
2025-11-25T17:00,27.7,21,9.6,1014,122,29.5,30.2,19.4,688,21.3,126
2025-11-25T18:00,26.6,23,9.7,1014.4,122,40.5,40.9,31.1,861,21.3,104
2025-11-25T19:00,25.8,25,10.2,1015,120,43.4,43.8,46.7,1059,21.3,75
2025-11-25T20:00,24.4,29,10.6,1015.6,117,41.9,42.4,55.1,1158,21.1,55
2025-11-25T21:00,23,34,10.2,1015.8,113,41.4,42,49.7,1081,20.7,55
2025-11-25T22:00,22.1,36,9.7,1015.7,110,42.4,43.2,37.1,905,20.3,66
2025-11-25T23:00,21.5,37,9.6,1015.7,109,43.7,44.6,26.1,742,19.8,75
2025-11-26T00:00,21.1,38,9.2,1015.5,108,44,45.1,19.9,621,19.4,80
2025-11-26T01:00,20.5,40,9.5,1015,108,43.9,45.1,15.3,512,19.1,83
2025-11-26T02:00,20,41,10,1014.7,109,43.9,45.2,11.9,436,18.8,86
2025-11-26T03:00,20,40,10.7,1014.4,110,44.1,45.4,8.7,381,18.5,89
2025-11-26T04:00,19.9,39,11,1014.6,110,44.5,45.9,6.6,358,18.3,92
2025-11-26T05:00,19.5,40,11.6,1014.6,111,44.9,46.2,7.9,421,18.5,91
2025-11-26T06:00,19.4,40,11.2,1015,112,45.9,47.1,16.9,665,19.4,81
2025-11-26T07:00,19,40,10.6,1015.9,113,49.4,50.6,28.9,995,20.7,68
2025-11-26T08:00,19.5,39,9.7,1016.5,114,53.6,54.7,35.5,1182,21.7,65
2025-11-26T09:00,21.5,34,7.3,1017,115,54.2,55.4,31.7,1089,22.2,80
2025-11-26T10:00,24.2,29,6.9,1017.2,116,49.6,50.9,22.4,853,22.4,104
2025-11-26T11:00,26.6,22,8.3,1016.6,117,36.7,37.8,14.5,652,21.9,125
2025-11-26T12:00,27.6,20,5.6,1015.6,116,25.1,26.1,9.5,541,19.9,138
2025-11-26T13:00,28.2,18,3.8,1014.9,115,21.7,22.9,5.8,466,17.2,147
2025-11-26T14:00,28.3,18,1.1,1014.1,114,21.1,22.4,5.1,445,15.4,150
2025-11-26T15:00,28.1,19,3.9,1013.8,113,20.8,22,8.5,457,15.4,146
2025-11-26T16:00,27.9,19,2.7,1013.8,111,20.7,21.9,14.9,523,16.3,135
2025-11-26T17:00,27.2,24,5.9,1014.1,110,31.4,32.7,26.1,724,18.7,120
2025-11-26T18:00,25.5,32,9.5,1014.7,110,46.1,47,44.3,1241,19.1,93
2025-11-26T19:00,24.5,33,8.2,1015.2,111,48.5,49.2,68.7,1892,19.6,55
2025-11-26T20:00,24,28,6.3,1015.7,111,40.2,40.6,81.4,2220,19.3,32
2025-11-26T21:00,23.3,24,6.3,1016.5,111,34,34.5,71.7,1923,17.5,35
2025-11-26T22:00,22.3,27,7,1016.8,110,31,31.4,50.4,1301,14.9,52
2025-11-26T23:00,21.1,29,8.4,1016.8,109,29.9,30.6,32.3,799,12.8,67
2025-11-27T00:00,20.8,31,9.5,1016.9,108,30.4,31.2,22.7,591,11.7,75
2025-11-27T01:00,20.4,33,9.7,1016.7,106,31.7,32.6,16.3,503,11.1,81
2025-11-27T02:00,20,34,10,1016.3,105,33.3,34.3,11.6,450,10.9,87
2025-11-27T03:00,19.5,36,10.1,1016,104,34.6,35.7,7.9,399,11.1,93
2025-11-27T04:00,18.9,38,10.1,1016,103,35.5,36.7,5.8,384,11.7,98
2025-11-27T05:00,18.5,39,10.8,1016.4,102,35,36.2,7.9,423,12.1,90
2025-11-27T06:00,18.3,40,11.8,1017,101,36,37.1,14.2,571,13.4,86
2025-11-27T07:00,18.4,39,13.2,1017.8,100,38.6,39.8,22.7,774,15.2,80
2025-11-27T08:00,19.4,36,13,1018.2,99,41.1,42.3,27,885,17.1,81
2025-11-27T09:00,21.5,30,12.2,1018.7,98,41.7,42.6,23.3,817,19.2,93
2025-11-27T10:00,24,25,12.9,1018.7,97,37.1,38.3,15.6,657,21.3,112
2025-11-27T11:00,26,20,15.9,1018.3,96,29,29.9,9.2,526,22.1,127
2025-11-27T12:00,27,19,15.8,1017.5,95,24.5,25.6,6,460,20.4,136
2025-11-27T13:00,27.5,19,13.9,1016.7,95,25.1,26.4,4.2,421,17.4,141
2025-11-27T14:00,28,18,12.6,1015.7,95,25.4,26.7,4.2,420,15.2,143
2025-11-27T15:00,28,18,12.3,1015.3,96,25.8,27.2,6.4,469,14.7,141
2025-11-27T16:00,27.5,18,12.6,1015.3,96,26.7,27.9,10.3,556,15,135
2025-11-27T17:00,27.1,19,12.5,1015.2,97,31.2,32,15.4,649,16.1,126
2025-11-27T18:00,25.8,21,10.9,1016,96,37.5,38.1,21.4,762,16.9,113
2025-11-27T19:00,24.5,24,11.6,1016.9,96,39.9,40.5,29.4,883,18,95
2025-11-27T20:00,23.3,27,11.8,1017.5,95,39.5,39.9,33.5,938,18.9,83
2025-11-27T21:00,22.4,29,11.3,1017.7,95,37.8,38.4,30.4,882,19.4,83
2025-11-27T22:00,21.8,30,11.8,1017.9,95,36.3,36.8,23.4,761,19.7,89
2025-11-27T23:00,21.2,30,12,1017.8,96,34.5,35,17,644,19.8,96
2025-11-28T00:00,20.9,29,12.7,1017.4,96,32.6,33.2,12.5,546,19.6,102
2025-11-28T01:00,20.5,29,13,1017.2,96,31.3,31.9,8.7,452,19.1,107
2025-11-28T02:00,20.2,30,13.2,1017.2,96,31.1,31.5,6,391,18.8,111
2025-11-28T03:00,19.9,31,13.3,1017,96,31.4,31.9,4.3,366,18.7,112
2025-11-28T04:00,19.4,32,13.4,1016.9,96,31.9,32.5,3.7,374,18.7,111
2025-11-28T05:00,18.7,33,12.8,1017.3,95,31.5,32.2,5.8,438,19,104
2025-11-28T06:00,18.2,35,12.8,1017.6,95,32.2,32.9,12.2,617,19.7,97
2025-11-28T07:00,18,36,12.8,1018.3,95,34.6,35.4,20.7,853,20.6,88
2025-11-28T08:00,18.5,35,12.8,1018.7,94,37.5,38.3,25.4,994,21.6,86
2025-11-28T09:00,20.1,32,11,1019,94,38.6,39.6,22.7,955,22.9,99
2025-11-28T10:00,22.5,28,11,1019,94,39.1,40.5,16.1,822,24.2,118
2025-11-28T11:00,24.7,26,12.6,1018.9,94,41.2,43,10.6,699,24.5,135
2025-11-28T12:00,26.1,24,13.1,1017.7,95,41.1,42.8,7.3,608,22.7,145
2025-11-28T13:00,27,21,11.5,1016.7,97,39,40.7,4.9,528,19.9,151
2025-11-28T14:00,27.5,20,11.1,1015.6,98,37.7,39.6,4.8,496,17.9,153
2025-11-28T15:00,27.5,20,11.4,1014.9,99,37.4,39.2,7.9,537,17.8,149
2025-11-28T16:00,27,21,11.9,1014.9,100,38,39.7,13.2,626,18.5,140
2025-11-28T17:00,26.5,22,11.9,1014.6,101,34,34.9,19,730,19.8,128
2025-11-28T18:00,25.4,24,10.3,1015.4,105,41.6,42.3,25.9,864,20,112
2025-11-28T19:00,24.1,27,10,1016,103,43.8,44.4,35.2,1012,20.2,91
2025-11-28T20:00,22.9,31,11,1016.5,102,43.5,44.1,40.1,1094,20.6,77
2025-11-28T21:00,22,35,10.5,1016.8,103,43.7,44.2,36.7,1066,21.2,77
2025-11-28T22:00,21.2,38,10,1016.7,103,44,44.8,29,972,21.9,85
2025-11-28T23:00,20.4,39,10.2,1016.6,104,44.2,45.1,21.9,868,22.2,93
2025-11-29T00:00,20.2,39,10.1,1016.2,105,43.3,44.1,16.8,760,21.9,98
2025-11-29T01:00,20,39,10.4,1016,106,41.9,42.7,12.3,643,21.2,103
2025-11-29T02:00,19.5,40,10.8,1015.9,107,40.7,41.6,9,556,20.8,107
2025-11-29T03:00,19,40,11,1015.7,108,39.7,40.5,6.4,500,20.7,109
2025-11-29T04:00,18.5,41,11.5,1015.5,109,39,39.8,5,474,20.7,109
2025-11-29T05:00,17.9,43,12,1015.9,110,39.2,40,6.8,514,20.9,104
2025-11-29T06:00,17.5,43,12,1016.2,111,39.7,40.5,14.7,686,22,95
2025-11-29T07:00,17.4,42,12,1016.7,112,42.5,43.4,25.3,924,23.5,83
2025-11-29T08:00,18,40,11.8,1017.2,112,46.3,47.1,31.1,1061,25.2,81
2025-11-29T09:00,19.8,36,9.7,1017.7,113,47.3,48.1,27.5,1002,27.5,97
2025-11-29T10:00,22.5,30,8.9,1017.8,114,45.8,46.9,19.2,843,30,122
2025-11-29T11:00,24.9,27,9.8,1017.6,115,45.5,47,12.2,701,31.1,142
2025-11-29T12:00,26.2,22,9.3,1016.5,115,44.6,46.4,8.3,603,29.4,154
2025-11-29T13:00,27.1,20,7.9,1015.4,116,42.3,44.1,5.7,523,26.2,161
2025-11-29T14:00,27.5,19,8.1,1014.2,116,40.9,42.7,5.7,499,23.9,163
2025-11-29T15:00,27.6,19,7.8,1013.9,116,40.3,42,8.8,553,23.7,159
2025-11-29T16:00,27.2,19,7.9,1013.8,117,40.7,42.4,14.4,663,24.4,150
2025-11-29T17:00,26.5,20,8.8,1013.6,117,25.4,25.8,19.2,799,24.6,139
2025-11-29T18:00,25.5,23,8.8,1013.8,120,37.8,38.2,29.3,996,23.9,118
2025-11-29T19:00,24.6,25,9.9,1014.4,119,40.3,40.5,42.9,1220,22.9,90
2025-11-29T20:00,23.5,28,10.3,1014.8,115,38.8,39,49.9,1338,22,72
2025-11-29T21:00,22.1,32,10.5,1015,115,38.4,38.9,44.3,1266,21.4,73
2025-11-29T22:00,21,36,10.5,1015.2,114,39.1,39.6,32.2,1088,20.8,83
2025-11-29T23:00,20,40,10.3,1015.5,114,39.2,39.8,22,923,20.4,91
2025-11-30T00:00,19.4,43,9.7,1015.2,113,38.4,38.9,17,808,20.1,93
2025-11-30T01:00,18.5,45,9.9,1015.1,113,36.8,37.4,14.1,707,19.8,93
2025-11-30T02:00,18,47,10.4,1014.8,112,35.5,36.1,11.9,626,19.7,92
2025-11-30T03:00,17.5,48,10.5,1014.5,112,34.6,35.2,9.4,546,19.5,92
2025-11-30T04:00,17.2,48,10.9,1014.6,111,34,34.6,7.8,486,19.5,92
2025-11-30T05:00,16.6,47,11.2,1014.5,111,34.1,34.7,10,514,19.3,86
2025-11-30T06:00,16.1,47,11.2,1014.9,110,34.7,35.3,19.9,714,20.4,76
2025-11-30T07:00,16,47,10.8,1015.7,110,38.4,39,33.1,1001,22.1,62
2025-11-30T08:00,16.7,44,10.2,1016.3,109,43.9,44.5,40,1186,24.1,61
2025-11-30T09:00,18.6,39,8.5,1017,109,49.1,49.6,34.7,1182,26.9,82
2025-11-30T10:00,21.9,32,6.6,1017.2,109,46.3,47.1,23,1077,30,115
2025-11-30T11:00,24.9,25,6.1,1016.9,109,36.9,38.1,13.7,946,32.5,141
2025-11-30T12:00,26.4,19,6,1015.7,108,30.7,31.7,9.3,770,33.7,153
2025-11-30T13:00,27.5,16,6,1014.4,107,27.9,28.8,7.1,568,34.3,158
2025-11-30T14:00,28,15,4,1013.4,105,26.6,27.5,7.7,469,34.8,157
2025-11-30T15:00,28.1,15,1,1012.7,104,26.1,27,10.4,564,35.5,152
2025-11-30T16:00,27.8,17,4.6,1012.5,102,25.7,26.5,15.9,762,36,142
2025-11-30T17:00,26.9,21,6.5,1012.5,101,22.4,22.4,25.1,925,36.5,127
2025-11-30T18:00,24.9,28,9.3,1012.8,110,38,38.1,44.1,965,35.3,99
2025-11-30T19:00,23.4,35,8.1,1013.6,107,39.5,39.6,70,969,33.5,60
2025-11-30T20:00,22.4,41,7.3,1014.1,100,38.1,38.1,88.1,1059,31.9,30
2025-11-30T21:00,21.8,46,7.5,1014.5,100,38.3,38.4,91,1379,30.9,19
2025-11-30T22:00,21.5,50,6.7,1014.7,100,39.9,40.2,86.1,1783,30.1,18
2025-11-30T23:00,20.5,55,5.4,1014.9,100,41.6,41.8,80.2,1961,28.7,17
2025-12-01T00:00,19.5,58,7,1014.7,101,42.6,42.7,75.9,1704,25.9,13
2025-12-01T01:00,19,59,7.6,1014.5,101,42.3,42.5,70.7,1220,22.4,11
2025-12-01T02:00,18.4,63,7.9,1014.4,102,41.6,41.8,63.7,817,19.9,12
2025-12-01T03:00,17.9,66,7.2,1013.9,102,38.9,39.2,51.8,545,19,21
2025-12-01T04:00,17.7,69,6.5,1013.9,103,33.5,33.9,38.2,354,18.9,35
2025-12-01T05:00,17.5,64,6.7,1013.8,103,28.6,29.3,30.9,404,19.3,44
2025-12-01T06:00,16.6,69,6.7,1014,102,27.2,28.2,40.2,945,20.3,34
2025-12-01T07:00,16,72,6,1014.6,101,32.8,34,52.4,1727,21.7,21
2025-12-01T08:00,16.2,72,6.3,1015.2,101,44.4,45.5,57.1,2159,23.2,20
2025-12-01T09:00,18.9,63,4.4,1015.5,101,37.6,39.5,47,1893,24.9,43
2025-12-01T10:00,22.3,50,4.3,1015.7,100,28.3,33.1,29.5,1278,26.7,79
2025-12-01T11:00,25.1,35,7.2,1015.2,98,22.5,31.1,15.5,764,27.8,106
2025-12-01T12:00,26.4,28,8.8,1014.5,97,20,29.6,9.4,507,27.7,118
2025-12-01T13:00,27,24,10.3,1013.5,96,18.9,28.5,7,351,26.9,121
2025-12-01T14:00,27.1,20,10.6,1012.4,95,18,27.8,6.6,286,26.2,121
2025-12-01T15:00,27.1,17,10.1,1011.9,94,17.6,27.9,6.6,311,26.1,120
2025-12-01T16:00,26.6,17,9.9,1011.8,93,17.4,27.9,8.7,426,26.1,114
2025-12-01T17:00,25.5,17,9.5,1011.6,93,16,24.6,15.7,618,24.9,102
2025-12-01T18:00,23.7,29,8.8,1012.2,92,25.8,32.1,32.5,929,24,78
2025-12-01T19:00,22.5,41,6.9,1012.8,91,30.3,36.1,55.7,1317,22.9,45
2025-12-01T20:00,21.6,48,5.8,1013.3,90,31.7,37.4,73,1646,22,21
2025-12-01T21:00,21.2,50,3.3,1013.8,90,32.9,38.9,79.6,1900,22,12
2025-12-01T22:00,20.5,58,1.2,1013.9,89,35,41.9,80.4,2096,22.4,12
2025-12-01T23:00,19.5,53,5.7,1014.4,89,37.5,45.9,77,2146,22.1,15
2025-12-02T00:00,18.5,56,3.4,1014.1,88,35.4,44.5,67.7,1977,20.6,23
2025-12-02T01:00,18.2,56,2.8,1013.7,88,32.7,41.6,54.4,1662,18.5,34
2025-12-02T02:00,18,55,7.2,1013.6,87,31.9,41.1,44.4,1338,16.6,39
2025-12-02T03:00,17.4,52,7.4,1013.2,86,32.4,41.2,41,982,14.7,33
2025-12-02T04:00,17.1,44,8.1,1013.1,85,31.2,37.6,41,615,13,21
2025-12-02T05:00,16.2,49,8,1013.3,85,33.4,39.2,45.6,441,15.5,13
2025-12-02T06:00,15.6,47,8,1013.8,86,31.9,36.1,46.8,629,16.3,9
2025-12-02T07:00,15.1,47,8.1,1014.7,86,36.7,40.5,48.3,1009,17.7,5
2025-12-02T08:00,15.6,45,8.6,1015.4,86,44.9,47.6,47.2,1274,21.3,12
2025-12-02T09:00,17.9,40,8.1,1016,87,40.6,43.9,41.6,1289,29.1,38
2025-12-02T10:00,21.1,32,4.6,1016.3,87,33.9,40,33.6,1189,39.2,74
2025-12-02T11:00,23.5,29,3.1,1016,87,30.9,42.7,26.3,1067,46.9,105
2025-12-02T12:00,24.8,32,3.6,1014.9,88,29.8,48.3,20.5,918,50.3,125
2025-12-02T13:00,25.5,32,4.1,1013.6,89,30.3,51.2,15.6,747,51.4,139
2025-12-02T14:00,26.1,31,4.9,1012.5,90,30.5,49.6,12.8,661,51.6,148
2025-12-02T15:00,26.1,32,6.6,1012,91,31,48.1,10.3,666,51.1,156
2025-12-02T16:00,25.5,37,8.1,1011.7,92,31.5,47.1,10,756,49.7,159
2025-12-02T17:00,24.1,43,7.6,1012.2,93,29.5,44.1,18,1022,52.6,151
2025-12-02T18:00,23.4,46,4.3,1012.6,95,49.2,61.7,48.1,1707,52.5,111
2025-12-02T19:00,22.9,49,3.3,1013.4,99,60.5,70.8,89,2568,52.1,56
2025-12-02T20:00,22.2,51,5.1,1014.2,99,64.5,72.6,116.3,2966,50.6,17
2025-12-02T21:00,21.2,53,8,1015,103,68,74.7,118.2,2460,47.6,7
2025-12-02T22:00,20.6,43,8.5,1015.4,106,65.7,70.5,106.4,1491,43.4,12
2025-12-02T23:00,19.9,34,7.6,1015.8,110,54.4,56.9,91.3,739,38.2,20
2025-12-03T00:00,19.4,34,8.2,1015.4,111,44.4,45.9,74.2,494,31,30
2025-12-03T01:00,18.6,37,9.1,1015.1,112,37,38.1,53.8,465,22.7,43
2025-12-03T02:00,17.6,41,10,1015,113,32,32.9,36.6,461,16.3,55
2025-12-03T03:00,17,43,10,1014.9,113,27.9,29,24,394,13.2,64
2025-12-03T04:00,16.8,43,9.6,1015.3,112,24.3,25.5,14.6,351,12,71
2025-12-03T05:00,16.6,41,9.7,1015.5,112,23.6,24.7,12.8,406,11.8,64
2025-12-03T06:00,16.1,42,10,1016,111,22.2,23.4,21.5,657,12.7,56
2025-12-03T07:00,15.9,42,9.5,1017,110,24.3,25.6,33.2,1006,14,46
2025-12-03T08:00,16.1,40,9.8,1017.8,108,28.3,29.5,39.1,1226,15.2,46
2025-12-03T09:00,18,36,8.7,1018.4,106,31.2,32,33.8,1207,16.2,67
2025-12-03T10:00,21,29,6.5,1018.9,106,26.1,27.6,22.8,1059,17.1,98
2025-12-03T11:00,24.1,22,6.9,1018.7,105,21.8,24,13.7,887,17.5,123
2025-12-03T12:00,26.1,16,9.4,1017.7,104,19.2,21.6,9.3,688,17,135
2025-12-03T13:00,27.1,13,9.6,1016.6,103,18,20.4,6.8,464,16,140
2025-12-03T14:00,27.5,12,10.1,1015.8,101,17.5,19.6,6,335,15.2,142
2025-12-03T15:00,27.5,12,10.3,1015.3,100,17,19,6.9,373,14.8,140
2025-12-03T16:00,27,12,11,1015.4,99,16.9,18.7,9.5,505,14.7,135
2025-12-03T17:00,26.2,13,10.8,1015.4,97,18.6,20.2,12.9,627,14.7,124
2025-12-03T18:00,25.1,14,11,1016,97,25.6,26.7,18.6,719,14.6,109
2025-12-03T19:00,24,16,11.8,1016.7,94,27.6,28.6,26.2,800,14.5,89
2025-12-03T20:00,22.5,20,11.8,1017.4,91,27.5,28.6,30.9,829,14.4,74
2025-12-03T21:00,21.1,23,12,1017.8,88,28.3,29.6,30,770,14.4,68
2025-12-03T22:00,20.4,27,12,1018,85,29.4,30.9,26,658,14.5,68
2025-12-03T23:00,19.7,30,12.3,1018.3,81,29.8,31.3,21.7,555,14.4,69
2025-12-04T00:00,19.3,31,11.9,1017.9,79,29.4,31.1,17.5,475,13.9,73
2025-12-04T01:00,19,32,11.6,1017.7,78,28.8,30.5,13,404,13.3,78
2025-12-04T02:00,18.6,32,11.1,1017.6,77,28.5,30.2,9.5,356,13,83
2025-12-04T03:00,18.2,33,10.9,1017.1,77,28.2,29.9,7,321,13.3,86
2025-12-04T04:00,17.9,33,11,1017.4,77,28,29.6,5.5,310,13.9,87
2025-12-04T05:00,17.9,33,10.6,1017.5,77,28.1,29.6,6.9,370,14.5,84
2025-12-04T06:00,17.6,33,10.6,1017.8,78,28.4,29.8,12.8,578,15.9,78
2025-12-04T07:00,17.5,33,10.7,1018.6,78,30.4,31.5,20.8,857,17.8,70
2025-12-04T08:00,18,33,11.3,1019.1,79,32.6,33.6,25.1,1023,19.4,69
2025-12-04T09:00,20,29,10.3,1019.7,79,33.1,33.9,22.2,974,20.6,80
2025-12-04T10:00,22.8,25,9,1019.9,79,30,30.9,15.6,812,21.4,97
2025-12-04T11:00,25.2,22,9.6,1019.6,80,24.8,25.4,10.2,665,21.7,113
2025-12-04T12:00,26.8,19,10.8,1018.7,80,21.5,21.9,7.4,554,20.9,125
2025-12-04T13:00,27.5,19,9,1017.9,80,20.4,20.8,5.7,457,19.4,135
2025-12-04T14:00,27.9,18,6.6,1017,80,20.3,20.7,5.4,436,18.4,140
2025-12-04T15:00,27.9,18,5.3,1016.2,81,20.4,20.8,5.9,529,18.4,140
2025-12-04T16:00,27.6,18,5.8,1015.9,81,20.3,20.7,7.9,697,18.9,135
2025-12-04T17:00,27,19,6.1,1016,81,15.6,15.7,13.8,883,21.4,124
2025-12-04T18:00,25.9,22,6.1,1016.5,81,27.5,27.6,29,1120,20.7,99
2025-12-04T19:00,24.9,23,5.7,1017,82,30.5,30.5,49.4,1376,19.6,64
2025-12-04T20:00,23.6,25,4.6,1017.7,81,27.4,27.4,61.1,1495,18.3,41
2025-12-04T21:00,22.5,27,4.9,1018,81,24.3,24.3,55.6,1371,16.6,42
2025-12-04T22:00,21.5,29,6.2,1018.2,81,22.3,22.3,41.3,1110,14.8,54
2025-12-04T23:00,20.5,31,7.3,1018.4,80,21.4,21.5,29.2,881,13.3,64
2025-12-05T00:00,19.4,33,8,1018.2,80,20.9,21,23.2,741,12.5,66
2025-12-05T01:00,18.6,35,8,1018.2,79,20,20.1,19.3,632,12.1,66
2025-12-05T02:00,18,36,8.1,1017.9,78,19,19.2,16.5,547,11.9,65
2025-12-05T03:00,17.2,38,8.5,1017.5,77,18.2,18.3,13.7,447,11.7,64
2025-12-05T04:00,16.6,40,8,1017.7,76,17.4,17.6,12,372,11.7,61
2025-12-05T05:00,16.1,43,7.1,1017.6,75,17.6,17.7,14.5,432,11.5,53
2025-12-05T06:00,15.5,46,7.3,1018.2,74,18.4,18.5,24.6,762,12.8,40
2025-12-05T07:00,15.1,47,8.1,1018.9,74,23.4,23.6,38.1,1227,14.7,24
2025-12-05T08:00,15.6,45,8,1019.3,73,31.3,31.4,45.2,1540,17.4,21
2025-12-05T09:00,18.1,38,6.9,1019.8,73,30.3,30.4,39.9,1570,21.6,45
2025-12-05T10:00,21.6,29,6.1,1020.4,73,26.3,26.5,28.2,1447,26.5,82
2025-12-05T11:00,25,22,4.3,1020.1,72,17.8,18,18.3,1275,29.7,113
2025-12-05T12:00,26.6,19,4.4,1019.4,72,18.5,18.7,12.9,1019,29.9,131
2025-12-05T13:00,27.6,17,4.2,1018.4,71,18.7,19,9.4,713,28.3,143
2025-12-05T14:00,28.1,16,3.1,1017.4,71,18,18.4,7.9,562,26.4,149
2025-12-05T15:00,28.2,16,2.8,1016.6,71,17,17.4,6.9,659,24.3,150
2025-12-05T16:00,28.1,17,3.1,1016.4,71,16,16.4,7.9,911,21.9,144
2025-12-05T17:00,26.9,26,5,1016.6,70,15.9,16.2,15.8,1241,21.1,126
2025-12-05T18:00,24.8,40,8.1,1017.3,87,30.4,30.6,33.9,1769,19.9,98
2025-12-05T19:00,23.7,42,7.9,1017.8,91,36.4,36.6,58.3,2375,18.3,59
2025-12-05T20:00,23.2,42,5,1018.5,79,28.4,28.5,71.9,2623,16.6,34
2025-12-05T21:00,22.5,38,6.4,1018.9,71,23.9,23.9,64.6,2190,14.9,35
2025-12-05T22:00,22.2,30,9.2,1019.1,71,22.7,22.8,46.6,1398,13.1,50
2025-12-05T23:00,21.2,32,9.8,1019.2,71,22.6,22.7,31.2,780,11.8,62
2025-12-06T00:00,20.6,33,10.9,1018.6,71,22.3,22.4,23.5,563,11.1,65
2025-12-06T01:00,20.2,35,10.4,1018.4,71,21.1,21.2,18.4,519,10.8,66
2025-12-06T02:00,20,36,10.3,1018.1,72,19.4,19.6,14.6,495,10.7,67
2025-12-06T03:00,19.9,37,9.7,1017.7,72,17.6,17.8,11,412,10.5,69
2025-12-06T04:00,19.4,38,9.3,1017.8,72,16.2,16.4,8.7,348,10.4,72
2025-12-06T05:00,19,39,9.3,1018.3,71,16.4,16.5,10.2,391,10.6,68
2025-12-06T06:00,18.3,39,9.4,1018.7,71,16.4,16.5,17.2,648,11.5,62
2025-12-06T07:00,17.9,40,9.7,1019.4,71,19,19.2,26.7,1011,12.9,54
2025-12-06T08:00,18.1,37,10.4,1020,71,22.8,23.1,32.3,1239,14,52
2025-12-06T09:00,20,32,10.7,1020.4,70,26.2,26.4,30.5,1210,14.7,60
2025-12-06T10:00,23,26,9.5,1020.3,70,24.7,24.9,24.7,1046,15.1,74
2025-12-06T11:00,25.4,22,8.6,1020.2,70,21.4,21.7,19.1,873,15.8,89
2025-12-06T12:00,26.5,19,10.5,1019.4,70,16.9,17.1,14.1,704,17.1,105
2025-12-06T13:00,27.6,18,11.9,1018.4,70,17.4,17.5,9.2,527,18.5,120
2025-12-06T14:00,28,18,11.4,1017.7,70,18.6,18.7,7,428,19.4,130
2025-12-06T15:00,28,19,10.3,1017.1,70,19.2,19.4,9.4,460,19.2,129
2025-12-06T16:00,27.8,19,9.7,1016.8,70,19.6,19.8,14.5,571,18.4,122
2025-12-06T17:00,27.5,19,9.2,1016.7,70,30.5,30.7,22.3,690,19.9,109
2025-12-06T18:00,26.2,20,9.4,1016.9,71,38.4,38.6,28.4,822,18.8,95
2025-12-06T19:00,25.3,21,10.4,1017.5,72,39.8,40,36.5,962,17.4,76
2025-12-06T20:00,23.9,23,11.1,1017.7,72,38.3,38.5,40.6,1022,16.1,63
2025-12-06T21:00,22.5,26,10.5,1018,73,37.7,38,37,939,15.4,61
2025-12-06T22:00,21.6,28,10.2,1018.3,75,38.9,39.1,29.4,775,14.9,64
2025-12-06T23:00,20.8,29,10,1018.4,76,41.2,41.6,22.8,632,14.4,66
2025-12-07T00:00,20.3,29,9.8,1018.2,78,43.3,43.8,19.2,544,13.8,65
2025-12-07T01:00,19.9,29,9.7,1018,80,45.1,45.4,16.7,476,13.1,64
2025-12-07T02:00,19.5,30,9.1,1017.9,82,46.2,46.7,14.6,429,12.7,63
2025-12-07T03:00,19,32,9.1,1018,84,46.9,47.5,12,378,12.5,63
2025-12-07T04:00,18.7,33,9.2,1018.1,87,47.3,47.8,9.9,347,12.6,64
2025-12-07T05:00,18.4,33,9.2,1018.1,89,47.3,47.8,11.6,410,12.9,59
2025-12-07T06:00,17.7,34,9.1,1018.3,92,47.8,48.4,19.4,656,14,51
2025-12-07T07:00,17,37,9.4,1018.8,95,51,51.6,30,996,15.5,41
2025-12-07T08:00,17.2,37,9.3,1019.6,98,56,56.6,35.9,1229,17,40
2025-12-07T09:00,19,33,7.8,1019.9,101,59.4,59.8,33,1269,18.2,55
2025-12-07T10:00,22,28,6,1020,104,57.4,58,25.4,1203,19.4,78
2025-12-07T11:00,25,22,5.5,1019.9,108,52.6,53.2,18.6,1091,20.5,99
2025-12-07T12:00,27,17,4.4,1019.1,111,39.5,39.8,13.4,901,21.5,114
2025-12-07T13:00,28,17,2.9,1017.7,113,31.4,31.7,8.9,666,22.4,126
2025-12-07T14:00,28.5,17,1.3,1016.8,115,28.6,28.9,7.6,538,23.5,133
2025-12-07T15:00,28.6,17,2.4,1016.2,116,27.9,28.1,9.1,603,24.8,134
2025-12-07T16:00,28.4,17,3.6,1016,117,28.1,28.2,13.8,776,26.2,130
2025-12-07T17:00,27.1,26,6.7,1015.9,118,20.7,20.7,22.7,958,27.7,120
2025-12-07T18:00,25.3,27,9,1016.4,117,44.1,44.1,46.1,1132,31.9,90
2025-12-07T19:00,24.1,29,8.8,1017,117,57.9,58,77.9,1315,37.4,48
2025-12-07T20:00,23.4,31,7.5,1017.4,119,64.3,64.3,98.8,1462,39.8,18
2025-12-07T21:00,22.9,31,7,1017.7,122,59.5,59.5,99.1,1584,36.5,10
2025-12-07T22:00,22,32,7.6,1017.8,124,49.9,49.9,88.4,1670,30.1,14
2025-12-07T23:00,20.8,33,7.1,1018,125,42.4,42.4,76.6,1641,24.3,19
2025-12-08T00:00,19.9,34,7,1017.7,125,39.2,39.2,66.2,1413,20.3,23
2025-12-08T01:00,19,36,7.9,1017.8,125,38.1,38.1,54.6,1071,16.9,29
2025-12-08T02:00,18.2,38,8.1,1017.4,124,37.5,37.6,43.6,788,14.4,35
2025-12-08T03:00,17.6,40,8.3,1017.5,123,36.6,36.7,32.2,599,13.1,42
2025-12-08T04:00,17.4,41,8,1017.5,122,35.5,35.7,21.5,469,12.8,49
2025-12-08T05:00,17,42,8.7,1017.6,121,34.2,34.3,14.6,469,12.6,53
2025-12-08T06:00,16.6,42,9.7,1018,120,34.3,34.6,22.3,702,13.8,44
2025-12-08T07:00,16.4,43,9.4,1018.9,118,37.7,38.1,32.6,1066,15.6,32
2025-12-08T08:00,16.6,42,8.9,1019.5,117,43.4,43.7,38.5,1322,17.1,31
2025-12-08T09:00,18.4,37,7.9,1020.5,115,43.9,44.4,36.2,1377,18.3,49
2025-12-08T10:00,21.4,30,5.7,1020.8,114,43.3,43.9,29.6,1324,19.4,77
2025-12-08T11:00,24.9,23,5.2,1020.2,112,33.6,34.6,22.9,1208,19.9,102
2025-12-08T12:00,27.4,20,4.8,1019.2,110,21.7,22.3,16.5,980,19.6,120
2025-12-08T13:00,28.9,17,3.8,1018.1,109,17.7,18.2,10,689,18.9,135
2025-12-08T14:00,29.5,15,3.2,1017.2,107,16.3,16.8,6.8,518,18.1,142
2025-12-08T15:00,29.8,14,4.4,1016.9,106,15.5,15.9,8.4,574,17.4,139
2025-12-08T16:00,29.5,13,3.1,1016.9,105,15.5,16,13.4,750,16.7,127
2025-12-08T17:00,28.4,16,2,1017.3,103,16.6,16.7,21.6,916,18.5,114
2025-12-08T18:00,26.9,22,2.1,1017.6,103,26.8,26.9,35,1053,18.2,92
2025-12-08T19:00,26.5,19,6.6,1018.1,101,29.5,29.5,53,1179,17.8,63
2025-12-08T20:00,25.6,20,9.9,1018.4,98,25.4,25.5,62.5,1215,17.2,44
2025-12-08T21:00,23.7,27,10.1,1018.6,95,24.4,24.6,55.6,1095,16.3,45
2025-12-08T22:00,22.5,30,10.1,1018.5,92,25.1,25.4,40.3,885,15.2,57
2025-12-08T23:00,21.5,33,9.8,1018.5,90,26.4,27,27.5,699,14.2,66
2025-12-09T00:00,20.8,34,10.4,1018.1,88,27.3,28.1,21.5,577,13.1,67
2025-12-09T01:00,20.4,35,10.3,1017.5,87,27.1,28.2,18,479,12.1,66
2025-12-09T02:00,20,35,9.6,1017.4,86,26.3,27.6,15.4,405,11.4,65
2025-12-09T03:00,19.6,36,9.1,1017.2,85,25.2,26.9,12.4,322,11.1,66
2025-12-09T04:00,18.6,38,8.8,1017.3,84,24.2,26.1,10.3,263,11.1,67
2025-12-09T05:00,17.8,38,9.2,1017.5,83,23.3,25.1,12.3,322,11.3,60
2025-12-09T06:00,17.5,38,9,1017.8,82,23.3,25.3,20.1,599,12.6,50
2025-12-09T07:00,17.1,39,8.1,1018.4,81,25.9,28.2,30.8,994,14.4,37
2025-12-09T08:00,17.1,39,7.6,1018.8,80,31.5,34,37.7,1309,16.5,35
2025-12-09T09:00,19,36,5.7,1019.4,79,36.8,38.9,37.9,1497,18.5,51
2025-12-09T10:00,21.9,30,3.1,1020,78,38.4,41.1,34.3,1603,20.8,78
2025-12-09T11:00,25.5,24,1.4,1019.7,78,31.1,35.4,29.4,1567,23.4,102
2025-12-09T12:00,27.8,19,1.3,1019,78,23.5,26.7,22.2,1253,27,122
2025-12-09T13:00,29,16,0.7,1018,78,18.6,20.4,13.6,797,31,140
2025-12-09T14:00,29.5,15,3.1,1017,78,16.8,18.3,9,536,33.7,150
2025-12-09T15:00,29.5,18,6.5,1016.3,78,16.2,17.6,9.6,633,34.3,150
2025-12-09T16:00,28.5,29,8.6,1016.2,78,16.5,17.8,14.2,926,33.5,142
2025-12-09T17:00,27,36,7.7,1016.2,78,12.8,12.8,18.7,1269,36.2,138
2025-12-09T18:00,25.8,38,6,1016.6,84,27.5,27.5,39.9,1661,34.3,103
2025-12-09T19:00,24.9,35,6.2,1017.3,89,32,32,68.8,2102,31.7,55
2025-12-09T20:00,23.5,36,6,1017.7,79,34,34.1,88.7,2449,30.4,19
2025-12-09T21:00,22.6,36,3.8,1017.6,79,37.8,38,90.9,2685,32.4,8
2025-12-09T22:00,22,37,3.8,1017.5,80,43.3,43.5,84.1,2828,35.6,10
2025-12-09T23:00,20.5,43,3.3,1017.7,82,47.6,47.8,76.8,2784,36.2,13
2025-12-10T00:00,20.8,38,3.9,1017.6,84,46.4,46.7,71.7,2450,31.5,12
2025-12-10T01:00,20,36,4.6,1017.4,85,44.7,45.2,66.1,1930,24.2,12
2025-12-10T02:00,18.5,36,6.4,1017.4,87,40.4,40.9,61.3,1440,18.2,12
2025-12-10T03:00,17.5,37,6.4,1017,88,35.3,35.5,57.7,971,14.9,11
2025-12-10T04:00,16.9,38,6.3,1017,89,30.6,30.7,54.9,534,13,11
2025-12-10T05:00,16.2,42,4.9,1017.1,90,23.6,23.7,53.9,373,14.6,11
2025-12-10T06:00,15.1,46,5.9,1017.5,90,23.3,23.4,51.4,726,14.5,6
2025-12-10T07:00,14.2,48,6.7,1018.1,90,28.9,29,47.9,1355,14.8,2
2025-12-10T08:00,14.9,46,7,1018.8,90,41.7,41.9,44.5,1801,18.7,8
2025-12-10T09:00,18.2,35,5,1019.1,91,39.9,40,42.3,1876,29.5,35
2025-12-10T10:00,22.2,28,4.2,1019.1,91,28.8,28.8,40.1,1766,43.9,74
2025-12-10T11:00,25.4,25,1,1018.9,90,21.8,21.9,36.1,1572,54.5,107
2025-12-10T12:00,27.4,22,2.3,1018.1,89,20.9,21,27.4,1262,58.2,131
2025-12-10T13:00,28.2,21,6.2,1017.4,89,18.6,18.7,16.9,868,58.2,150
2025-12-10T14:00,28.2,25,9.1,1016.6,89,17.9,18,10.5,584,56.2,160
2025-12-10T15:00,27.9,27,9.8,1016.2,89,17.9,18,10,475,52.1,158
2025-12-10T16:00,27.5,26,9.7,1016.4,89,17.3,17.4,13.8,476,46,147
2025-12-10T17:00,26,38,7.8,1016.2,89,14.6,14.8,19.4,586,34.5,128
2025-12-10T18:00,24.2,54,7.2,1016.4,91,22.8,22.9,38.4,882,32.5,95
2025-12-10T19:00,23.1,63,6,1017.1,95,29.5,29.7,64.6,1288,29.7,50
2025-12-10T20:00,22.4,67,5.6,1017.3,89,34,34.6,83.9,1573,27.8,16
2025-12-10T21:00,21.8,71,5.6,1017.7,89,37.5,38.6,90.6,1645,28,4
2025-12-10T22:00,21.3,75,4.7,1017.7,89,39,40.4,90.5,1597,29.1,4
2025-12-10T23:00,19.6,82,2.7,1017.8,89,39.1,40.9,86.4,1476,28.9,8
2025-12-11T00:00,19,81,4.7,1017.4,88,36.6,38.8,77.9,1252,26.2,14
2025-12-11T01:00,17.8,86,5.4,1017.2,87,31.8,34.2,65.5,954,22.2,24
2025-12-11T02:00,17.2,86,4.7,1016.8,86,26.4,29,53.6,718,18.9,33
2025-12-11T03:00,16.9,85,4.5,1016.1,85,21.9,24.7,41.6,511,16.6,41
2025-12-11T04:00,16.5,86,4.5,1016,83,18.9,21.8,30,364,15,48
2025-12-11T05:00,15.4,86,2.7,1015.9,82,22.4,25.9,31.8,510,17.4,44
2025-12-11T06:00,15.3,85,2.7,1016.2,82,22.6,26.3,40.5,1291,19.7,32
2025-12-11T07:00,15,85,3.1,1016.7,82,28.3,32.1,51.9,2363,23,18
2025-12-11T08:00,15.6,82,2.9,1017.3,82,41.6,45.3,56.7,2932,26.2,17
2025-12-11T09:00,18.4,76,1.8,1017.9,82,49.9,52.5,48.8,2500,29,43
2025-12-11T10:00,21.6,70,1.3,1018.4,83,25.4,30.6,34.2,1564,31.7,83
2025-12-11T11:00,23.8,69,3.8,1017.9,83,21.7,27.7,22,818,33.8,116
2025-12-11T12:00,25.2,62,5.4,1016.9,83,17.9,23.9,15.1,540,35.1,134
2025-12-11T13:00,26,57,7.3,1016,82,16.5,22.3,10.6,452,35.7,145
2025-12-11T14:00,26.1,56,9.2,1015,82,16.4,22.1,8.5,413,35.5,149
2025-12-11T15:00,26,56,10.2,1014.8,82,15.5,20.8,7.9,352,34.2,144
2025-12-11T16:00,25.5,56,9.3,1014.9,82,14.6,19.7,9.7,339,32.2,132
2025-12-11T17:00,24.8,62,8.2,1014.7,82,10.9,12.1,15.4,443,28.8,111
2025-12-11T18:00,23.7,69,7.6,1015.2,82,18.9,20.1,31.9,762,27.1,84
2025-12-11T19:00,22.9,74,7.1,1015.7,82,24.4,26,54.7,1198,24.9,46
2025-12-11T20:00,22.2,80,6,1015.9,81,26.7,28.3,71.7,1530,23.6,18
2025-12-11T21:00,21.7,84,5.2,1016.2,80,29.9,31.8,77.4,1687,24.6,8
2025-12-11T22:00,21.2,87,4.7,1016.1,79,35,37.3,77.4,1740,26.6,6
2025-12-11T23:00,19.6,90,3.3,1016.3,79,39.7,42.3,75.7,1683,27.3,7
2025-12-12T00:00,19.4,90,4,1016.1,79,40.9,43.9,74.5,1464,25.6,7
2025-12-12T01:00,18.6,92,3.8,1015.6,79,37.8,41,71.6,1134,22.6,9
2025-12-12T02:00,18,93,4.2,1015.3,80,32.2,35.7,65.4,845,19.7,13
2025-12-12T03:00,17.2,94,4.9,1014.9,80,28.5,32.6,51.9,607,16.8,23
2025-12-12T04:00,16.6,95,5.8,1014.6,81,27.1,32.2,34.9,410,14,35
2025-12-12T05:00,15.1,99,5.8,1014.9,82,34.1,36.9,32.5,367,13.4,33
2025-12-12T06:00,15.3,99,5.6,1015,83,30.7,33.3,35.3,616,13.7,28
2025-12-12T07:00,15.4,99,4.5,1015.6,83,35.5,38.3,39,1019,14.2,23
2025-12-12T08:00,15.8,97,3.8,1015.8,84,37.1,40.4,39.8,1284,15.7,26
2025-12-12T09:00,16.3,99,3.2,1016.5,84,38.1,41,35.4,1277,19.1,45
2025-12-12T10:00,18,92,2.3,1016.9,83,26.8,30.4,28.1,1130,23.5,72
2025-12-12T11:00,21.2,82,3.3,1016.6,83,23.5,27.9,21.4,950,26.9,96
2025-12-12T12:00,23.6,71,5.8,1015.8,83,21.9,26.7,16,732,28.7,114
2025-12-12T13:00,24.8,63,8.5,1014.8,83,19.2,24.1,11.2,480,29.6,128
2025-12-12T14:00,25.2,59,9.5,1014,83,16.9,21.1,8.5,309,29.6,134
2025-12-12T15:00,25.4,57,10.4,1013.5,84,14.8,18.2,7.1,251,28.6,130
2025-12-12T16:00,25.1,54,11.1,1013.4,83,12.6,15.5,7.8,274,26.8,119
2025-12-12T17:00,24.4,57,10.5,1013.3,83,9.7,11.3,13.2,398,24.8,101
2025-12-12T18:00,23.2,65,8.6,1013.8,83,15.4,16.8,28.9,716,23.5,77
2025-12-12T19:00,22.5,70,7.2,1014.5,83,21.4,22.8,50.4,1134,21.8,45
2025-12-12T20:00,22.1,73,7,1015,83,24.7,26.4,66.6,1391,20.5,20
2025-12-12T21:00,21.6,77,6.9,1015.1,82,27.4,29.2,73.1,1349,20.5,11
2025-12-12T22:00,21.2,78,6.7,1015.1,82,29.9,32.1,74.3,1147,21,10
2025-12-12T23:00,20.4,77,4.4,1015,82,30.9,33.4,71.1,939,20.6,13
2025-12-13T00:00,20.2,77,4.6,1014.5,81,28.8,31.7,62.1,764,18.5,21
2025-12-13T01:00,19.9,79,4.7,1014.1,80,25.6,28.7,48.7,583,15.7,33
2025-12-13T02:00,19.5,81,5.2,1013.8,79,22.2,25.5,37.1,438,13.3,43
2025-12-13T03:00,19.4,84,5.7,1013.5,78,19.5,23,28,270,11.8,50
2025-12-13T04:00,19.2,86,5.6,1013.3,77,17.8,21.4,20.6,138,10.9,55
2025-12-13T05:00,19,83,5.6,1013.4,76,23.6,28.6,21.9,262,11.1,48
2025-12-13T06:00,18.3,85,4.4,1013.7,75,26.6,31.7,29.6,949,13,36
2025-12-13T07:00,17.1,87,5.9,1014.5,75,34.7,39.3,39.7,1893,15.7,20
2025-12-13T08:00,16.6,89,6.7,1015.3,75,48.4,51.1,44.3,2395,18.4,17
2025-12-13T09:00,18.8,80,4.2,1015.7,76,43.7,45.1,38.2,2017,20.9,39
2025-12-13T10:00,22,67,2.7,1016.4,76,32.1,33.8,26.5,1196,23.4,73
2025-12-13T11:00,24,65,4.1,1016.4,77,17,20.1,16.8,550,25.4,102
2025-12-13T12:00,25.5,56,6.4,1015.7,76,13.6,15.6,11.7,326,26.8,118
2025-12-13T13:00,26.3,50,8.1,1014.8,76,13.3,14.6,8.5,276,27.7,129
2025-12-13T14:00,26.5,48,9.5,1014,75,13.4,14.5,7.2,270,28.4,133
2025-12-13T15:00,26.3,47,10.1,1013.5,75,13.3,14.3,6.5,240,28.9,132
2025-12-13T16:00,25.5,51,10.1,1013.4,75,13,14,7.6,254,29.2,125
2025-12-13T17:00,24.6,55,9.5,1013.4,75,8.1,8.1,13.2,392,28.3,109
2025-12-13T18:00,23.5,66,8.1,1013.9,75,14.6,14.7,28.8,758,26.7,83
2025-12-13T19:00,22.5,74,6.8,1014.8,74,20.9,21.6,50.3,1248,24.5,48
2025-12-13T20:00,21.9,78,4.8,1015.2,74,23.2,24,66.5,1629,23,21
2025-12-13T21:00,21.3,81,3.7,1015.4,74,25.1,26,72.6,1830,23.1,11
2025-12-13T22:00,20.8,83,3.4,1015.3,74,28.1,29.2,73.4,1921,23.9,9
2025-12-13T23:00,19.6,88,2.5,1015.4,74,31,32.4,72.5,1880,24.1,8
2025-12-14T00:00,19.6,87,4.8,1015.2,74,32.9,34.3,70.7,1645,23,7
2025-12-14T01:00,19,89,5.4,1015,74,32.5,34,67.2,1278,21.2,6
2025-12-14T02:00,18.4,91,5.6,1014.7,75,30,31.7,62.6,946,19.4,7
2025-12-14T03:00,17.6,94,6.2,1014.5,76,28.2,29.9,56,662,17.3,9
2025-12-14T04:00,17,94,6,1014.5,76,28.3,30.2,48.4,413,15.2,11
2025-12-14T05:00,16.5,92,6.5,1014.9,77,32.2,33.6,47.4,321,16.2,6
2025-12-14T06:00,16.3,89,7.1,1015.4,78,31.8,32.5,47,526,16.6,4
2025-12-14T07:00,16.1,89,7.3,1016.4,78,36.3,37.1,46.2,889,17.4,3
2025-12-14T08:00,16.5,84,7.8,1017.1,79,45.2,45.9,43,1116,19.1,11
2025-12-14T09:00,18.4,72,7.2,1017.8,78,34.1,34.9,35.3,1053,22.2,37
2025-12-14T10:00,21.4,57,5.9,1018.3,78,20.4,22.5,25.3,853,26.3,72
2025-12-14T11:00,23.2,51,6.4,1018,76,15.4,17.9,17.3,687,30.6,102
2025-12-14T12:00,24.6,39,4.5,1017.5,76,14.6,16.9,12.8,596,35.2,121
2025-12-14T13:00,25.6,33,3.5,1016.3,76,15.9,17.9,10.4,537,40,134
2025-12-14T14:00,26.4,29,2.9,1015.4,77,17.5,19.4,9.6,556,43.9,143
2025-12-14T15:00,26.5,28,3.4,1014.8,77,19,20.9,8.3,654,47.1,151
2025-12-14T16:00,26.2,32,5,1014.8,78,20.4,22.2,8.8,829,49.4,155
2025-12-14T17:00,25.4,43,7.3,1014.9,78,44.5,55.1,18.5,1118,51.7,144
2025-12-14T18:00,24,55,8.1,1015.3,84,52,61.9,43.3,1703,49.7,108
2025-12-14T19:00,23,59,6.4,1016.1,92,59.5,68.5,77,2401,46.9,58
2025-12-14T20:00,22.5,59,2.8,1016.3,88,62.4,70.8,99.8,2705,43.7,22
2025-12-14T21:00,22,53,8.3,1016.9,92,69.4,77.1,102.6,2248,40.5,10
2025-12-14T22:00,21,47,9.6,1017,96,75.4,81.5,94.4,1396,37,12
2025-12-14T23:00,19.9,51,9.9,1017.1,100,73.1,77.8,81.9,737,32.8,18
2025-12-15T00:00,19.1,53,10.3,1016.8,104,73.3,78,64.5,519,26.8,29
2025-12-15T01:00,18.5,56,10.7,1016.5,108,74,78.9,42.9,494,20.1,45
2025-12-15T02:00,18,58,10.4,1016.6,113,73.6,78.7,25.7,500,15.1,58
2025-12-15T03:00,17.6,60,10.7,1016.4,117,71.9,76.8,16,469,12.9,65
2025-12-15T04:00,17.3,61,11.1,1016.1,122,68.9,73.6,10.6,470,12.4,70
2025-12-15T05:00,17,61,11.1,1016.3,126,66.4,71,8.8,545,12.2,69
2025-12-15T06:00,16.8,62,10.5,1016.9,129,64,68.7,15.1,763,13.2,63
2025-12-15T07:00,16.5,63,10.4,1017.7,133,64,68.7,23.6,1056,14.6,55
2025-12-15T08:00,16.5,62,10,1018.2,136,65.4,70.1,28.7,1265,16.2,55
2025-12-15T09:00,18.1,56,8,1018.9,138,65.7,69.6,27.3,1328,17.8,69
2025-12-15T10:00,20.8,47,6.7,1019.5,141,63.1,67.8,22.4,1308,19.5,91
2025-12-15T11:00,23.5,39,6.4,1019.2,146,57.9,64.3,17.6,1228,21.2,112
2025-12-15T12:00,25.5,31,6.5,1018.1,150,49.9,56,13.4,1046,23.3,130
2025-12-15T13:00,26.6,28,5.2,1017,151,42.3,46.9,9.2,805,25.4,147
2025-12-15T14:00,27.3,26,4.4,1015.8,151,38,41.8,7.1,660,26.8,157
2025-12-15T15:00,27.5,25,3.6,1015.1,152,35.6,39.1,6.6,690,26.9,161
2025-12-15T16:00,27.4,25,3.1,1015,152,34.8,38,8.2,816,26.1,158
2025-12-15T17:00,27,27,4.1,1015,152,33.3,35.2,15,953,27.8,144
2025-12-15T18:00,25.7,31,2,1015.6,152,50.3,51.9,37.3,1101,26.9,111
2025-12-15T19:00,24.8,33,5.2,1016.2,152,61.5,63.1,67.2,1259,25.5,65
2025-12-15T20:00,23.7,35,10,1016.8,152,56.3,57.5,82.9,1345,23.7,36
2025-12-15T21:00,22.1,42,11,1017.1,152,54.6,56,70.9,1301,21.1,39
2025-12-15T22:00,21,47,11,1017.2,152,56.1,58.1,44.7,1184,18,59
2025-12-15T23:00,20.1,51,11,1017.4,151,57.5,60.1,23.7,1078,15.7,75
2025-12-16T00:00,19.5,54,11.1,1017,151,57.6,60.5,15.5,1014,14.7,79
2025-12-16T01:00,19.1,56,11.2,1016.4,151,56.6,59.6,12.5,962,14.5,80
2025-12-16T02:00,18.7,58,11.1,1016.1,150,54.7,57.9,10.5,915,14.6,81
2025-12-16T03:00,18.3,58,11.6,1015.3,149,52.7,55.9,7.9,852,14.7,84
2025-12-16T04:00,18,58,11.9,1015.3,147,51,54.1,6.4,795,15,88
2025-12-16T05:00,17.8,58,11.9,1015.2,146,50.1,53.2,7.1,804,15.1,87
2025-12-16T06:00,17.6,57,11.7,1015.5,144,49.7,52.7,11.6,953,16.7,84
2025-12-16T07:00,17.5,57,11.8,1016.2,142,51.7,54.5,17.7,1169,18.9,82
2025-12-16T08:00,17.8,55,11.9,1016.9,141,54.8,57.6,21.1,1293,21.2,85
2025-12-16T09:00,19.5,49,11.1,1017.6,140,57.5,59.8,19.3,1240,23.9,100
2025-12-16T10:00,22.1,42,10.7,1018.1,139,58.3,61.2,14.9,1096,26.6,121
2025-12-16T11:00,24.6,36,11.6,1017.6,139,53.9,57.4,11,957,28,138
2025-12-16T12:00,26.3,30,14.1,1016.6,138,44,47,8.4,840,26.8,148
2025-12-16T13:00,27.3,28,14.1,1015.6,138,35.7,38,6.4,729,24.2,153
2025-12-16T14:00,27.9,26,13.5,1014.6,137,31.5,33.3,5.6,672,22.1,155
2025-12-16T15:00,28.1,25,12.2,1014.2,136,29.3,30.7,6.4,701,21.3,154
2025-12-16T16:00,27.9,26,11.7,1014,136,28.2,29.5,8.5,785,21,148
2025-12-16T17:00,27,28,11.4,1014.3,135,45.8,48.2,12.3,878,21.8,139
2025-12-16T18:00,25.6,31,11.1,1014.6,136,52.7,54.5,17,987,20.9,125
2025-12-16T19:00,24.4,35,12.2,1015.2,136,55.5,57.2,23.4,1106,19.7,105
2025-12-16T20:00,23,38,12.1,1015.8,136,56.2,58.1,27,1165,19,90
2025-12-16T21:00,21.9,43,12.5,1016,136,58,60.1,25.4,1122,19.3,84
2025-12-16T22:00,21,46,12.7,1016.4,136,60.1,62.4,21.1,1019,20.2,83
2025-12-16T23:00,20.4,49,12.7,1016.7,137,61.7,64.3,17,918,21.1,84
2025-12-17T00:00,20.1,49,12.4,1016.3,137,62.4,65,14,833,22,86
2025-12-17T01:00,19.9,49,11.5,1016,138,62.2,64.7,11.2,749,22.9,90
2025-12-17T02:00,19.5,49,10.9,1016,138,61.5,64,9.1,682,23.9,93
2025-12-17T03:00,19.1,49,10.4,1015.8,139,60.5,62.9,7.3,609,24.7,94
2025-12-17T04:00,18.7,50,10.2,1015.6,140,59.8,62.2,6.2,553,25.4,95
2025-12-17T05:00,18.1,50,8.6,1015.9,141,58.6,60.8,7.1,595,24.9,92
2025-12-17T06:00,17.5,51,9.2,1016.4,141,58.8,61,11.7,841,26.8,90
2025-12-17T07:00,17,53,9.8,1017.3,142,60.5,62.6,17.8,1186,29.3,88
2025-12-17T08:00,17.4,52,10.7,1017.8,143,63.1,65,21.2,1398,31.1,91
2025-12-17T09:00,19.2,47,10.5,1018.2,144,64.3,65.7,19.4,1356,31.7,103
2025-12-17T10:00,22,41,9.7,1018.6,145,61.9,63.6,14.9,1182,31.5,120
2025-12-17T11:00,24.6,35,10.8,1018.6,145,47.7,49.5,11,1007,30.5,135
2025-12-17T12:00,26.2,30,12.8,1017.7,145,33.4,35,8.4,851,28.1,145
2025-12-17T13:00,27.2,28,10.8,1016.9,143,30.2,32.5,6.4,694,24.8,152
2025-12-17T14:00,27.8,26,10,1016,143,29.9,32.7,5.8,615,22.7,155
2025-12-17T15:00,28,25,9.3,1015.4,143,29.9,32.7,4.9,632,22.6,158
2025-12-17T16:00,27.6,25,9.4,1014.8,143,30,32.9,5.4,725,23.5,157
2025-12-17T17:00,26.9,28,8,1015,143,34.9,38.3,13.3,920,22.9,136
2025-12-17T18:00,25.6,33,7,1015.6,142,48.5,51.1,35.7,1340,24.5,102
2025-12-17T19:00,25,34,7.5,1016.4,141,60.8,63.1,65.8,1860,26.6,55
2025-12-17T20:00,24.1,35,8.9,1016.9,142,61,62.9,83.7,2130,27,24
2025-12-17T21:00,22.9,39,10.6,1017.1,142,49.5,50.8,77.9,1923,24.1,24
2025-12-17T22:00,22,42,10.1,1017,142,39.8,40.9,59.7,1467,19.5,39
2025-12-17T23:00,21,44,9.2,1017.3,139,33.5,34.5,43.1,1092,15.8,53
2025-12-18T00:00,20.1,47,9,1017.2,137,29.7,30.6,32.4,932,14,60
2025-12-18T01:00,19.4,50,8.6,1017,133,27.8,28.6,23.3,855,13.2,65
2025-12-18T02:00,18.6,53,8.4,1017.1,130,27.1,28,16.6,793,13,68
2025-12-18T03:00,18,54,8.4,1017,126,27.2,28.2,12.3,699,13.4,69
2025-12-18T04:00,17.5,56,8.5,1017,122,27.8,28.9,10.5,621,14.3,68
2025-12-18T05:00,17.1,55,8.4,1017.3,119,27.1,28.2,13.3,634,13.9,59
2025-12-18T06:00,16.8,56,8.5,1017.6,116,28.6,29.8,22,812,15.3,49
2025-12-18T07:00,16.2,57,8.5,1018.2,113,32.5,34,33.8,1082,17.3,36
2025-12-18T08:00,16.4,55,8.3,1019,110,39.5,41.1,40.9,1300,20,34
2025-12-18T09:00,18.2,49,7.7,1019.5,107,43.1,44.8,39.2,1440,23.5,52
2025-12-18T10:00,21,42,7,1019.6,105,43.9,45.9,32.9,1529,27.7,82
2025-12-18T11:00,24.4,33,3.9,1019.4,103,35.6,39.2,26.4,1506,32.1,109
2025-12-18T12:00,26.1,29,2.3,1018.4,102,35.7,40.3,20.4,1260,37,132
2025-12-18T13:00,27,26,0.8,1017.1,102,37.3,42.6,14.3,901,42.2,152
2025-12-18T14:00,27.5,25,2.7,1016.1,103,38.4,44.2,11,700,46.5,167
2025-12-18T15:00,27.5,26,6.2,1015.5,104,39.3,45.1,9.1,811,49.9,177
2025-12-18T16:00,26.5,37,9.5,1015.2,105,40.7,46.1,9.9,1079,52.4,181
2025-12-18T17:00,25.3,45,9.7,1015.3,106,45.6,50.1,20.7,1316,59.9,171
2025-12-18T18:00,24,50,7.9,1015.4,116,65,68.2,49.7,1452,56.4,129
2025-12-18T19:00,23.1,50,7.3,1016,126,71.7,74.3,89.2,1556,51.3,70
2025-12-18T20:00,22.4,51,7.8,1016.6,117,70.8,73.1,115.7,1642,46.4,26
2025-12-18T21:00,21.8,51,7.9,1017,111,70.1,71.9,117.7,1753,42.4,11
2025-12-18T22:00,21.4,48,7.6,1017.2,113,70.3,71.9,106.8,1845,38.6,10
2025-12-18T23:00,20.9,44,6.9,1017.3,116,66.6,67.8,94,1805,34.2,13
2025-12-19T00:00,20.4,44,7.5,1016.8,120,58.1,59.4,82.4,1522,28.4,16
2025-12-19T01:00,19.9,45,7.4,1016.5,123,49.7,51.2,68.9,1106,22,23
2025-12-19T02:00,19.4,47,6.8,1016.1,125,43.5,45.3,55.8,776,17.2,30
2025-12-19T03:00,19,49,6.6,1015.8,127,40,41.8,42.1,592,14.7,39
2025-12-19T04:00,18.5,50,6.9,1015.5,128,38.2,40,28.7,495,13.7,49
2025-12-19T05:00,18.1,51,6.9,1015.8,129,36.6,38.4,22,522,13.2,52
2025-12-19T06:00,17.9,51,7.7,1015.8,130,37,38.9,26.1,748,14.5,48
2025-12-19T07:00,17.7,51,7.3,1016.3,131,39.8,41.8,31.6,1099,16.3,44
2025-12-19T08:00,17.9,50,7.3,1016.9,132,44.8,46.8,34.3,1390,18.3,48
2025-12-19T09:00,19.5,45,5.5,1017.5,132,49.2,50.9,31.6,1581,20,68
2025-12-19T10:00,22,39,4.4,1017.8,133,48.4,50.6,26.1,1712,21.9,97
2025-12-19T11:00,24.4,34,3.8,1017.2,133,43.4,46.7,20.9,1724,25,123
2025-12-19T12:00,26,29,3.7,1016.3,134,39.2,43.1,16.4,1508,30.7,142
2025-12-19T13:00,27.1,27,3.1,1015.1,135,38.8,42.7,12.2,1173,37.6,157
2025-12-19T14:00,27.9,26,2.4,1014,135,38.3,41.9,10.5,984,42.6,166
2025-12-19T15:00,28.5,24,2.9,1013.4,135,37.5,40.7,11.4,989,44.3,170
2025-12-19T16:00,28.4,26,4.6,1012.9,135,38.2,41.1,14.7,1140,44,169
2025-12-19T17:00,27.4,33,6.9,1012.6,134,41.3,43.9,19.9,1556,47.8,168
2025-12-19T18:00,25.5,46,7.7,1012.9,134,59,61,42.2,2539,44.2,135
2025-12-19T19:00,24.4,52,6.5,1013.5,133,65.4,67.1,73.1,3787,39.3,88
2025-12-19T20:00,23.6,53,6.6,1013.9,133,67.5,69.4,98.3,4515,36.8,51
2025-12-19T21:00,23.1,55,4.6,1014.2,132,71.2,72.9,113.3,4283,39.7,32
2025-12-19T22:00,22.7,56,5.6,1014,132,77.1,79.2,122.6,3530,44.9,21
2025-12-19T23:00,22.3,57,4.5,1014.3,133,84.8,86.8,124.7,2787,47,15
2025-12-20T00:00,22.1,54,4.7,1013.7,135,85.7,87.5,116.6,2189,42.8,12
2025-12-20T01:00,22,49,4.5,1013.3,138,79.4,81,101.3,1600,35.5,13
2025-12-20T02:00,21.8,47,2.8,1013.4,141,71.9,73.6,87.3,1143,29,14
2025-12-20T03:00,21.1,48,3.3,1013.1,144,66.1,67.5,76.7,812,24.2,15
2025-12-20T04:00,20.9,48,2.6,1012.7,147,60.3,61.9,67.4,613,20.3,16
2025-12-20T05:00,20.5,48,2.1,1012.7,149,61.5,63.1,65.3,684,18.6,13
2025-12-20T06:00,19.4,53,1.9,1012.8,150,58.6,60.5,64.1,1277,18.9,10
2025-12-20T07:00,19.1,51,2.4,1013.3,151,61,63.1,62.2,2140,19.8,7
2025-12-20T08:00,19,51,4.1,1013.7,151,71.9,73.8,58.4,2653,23.8,17
2025-12-20T09:00,20.9,45,2.7,1014.4,152,75,76.4,51.8,2462,34.7,52
2025-12-20T10:00,23.7,36,1.9,1015.1,152,58.3,61,43.4,1921,48.8,99
2025-12-20T11:00,25.9,32,1.2,1014.7,153,54.9,58,34.9,1477,57.5,136
2025-12-20T12:00,26.9,30,3.8,1013.9,153,45.8,48.2,25.6,1309,56,154
2025-12-20T13:00,27.5,29,6,1012.9,153,39,41.1,16.2,1237,49.1,162
2025-12-20T14:00,27.6,30,7.7,1012.1,153,36.4,38.2,10.8,1167,42.7,164
2025-12-20T15:00,27.5,31,8.3,1011.7,153,35.2,36.8,10.7,1038,38.8,161
2025-12-20T16:00,26.7,36,8.5,1011.4,153,35.6,37.4,14.5,912,35.5,152
2025-12-20T17:00,26.1,49,8.5,1011.3,153,48.9,51.3,21.3,876,43.6,162
2025-12-20T18:00,25.1,55,8.4,1011.7,153,57.3,59.1,35,966,40.5,133
2025-12-20T19:00,24.2,60,7,1012.5,153,61.9,63.8,53.9,1146,36.2,94
2025-12-20T20:00,23.5,65,5.3,1013,153,63.1,65.2,68.6,1398,32.6,61
2025-12-20T21:00,22.9,69,4.7,1013.4,153,63.8,65.9,76.1,1854,31,42
2025-12-20T22:00,22.2,72,5.4,1013.3,153,65,67.1,79.4,2382,30.2,31
2025-12-20T23:00,21.5,75,5.4,1013.5,152,66.6,68.9,77.5,2567,28.6,26
2025-12-21T00:00,21,78,5.4,1013.3,152,64,66.4,67.7,2088,25.1,30
2025-12-21T01:00,20.5,80,5.1,1013.3,152,57.2,59.5,52.7,1265,20.8,41
2025-12-21T02:00,20.3,82,5.2,1013.4,151,50.1,52.5,39.5,646,17.2,50
2025-12-21T03:00,20.2,83,4.7,1013,151,45.9,48.8,29,402,14.8,57
2025-12-21T04:00,20,87,4.2,1012.9,150,41.9,44.7,20.3,361,13.2,63
2025-12-21T05:00,19,91,2.1,1013.1,149,37.5,40.3,17.1,556,11.5,63
2025-12-21T06:00,19,92,1.4,1013.3,146,38.1,40.9,28.9,1225,13,47
2025-12-21T07:00,18.9,94,1.9,1013.8,144,45.5,48.4,44.6,2130,15.1,26
2025-12-21T08:00,19.1,93,3.2,1014.6,142,58.3,61.2,52.3,2593,17.4,18
2025-12-21T09:00,21.1,85,2.2,1015.2,141,54.5,56.9,44.3,2181,20,36
2025-12-21T10:00,23.5,75,1.1,1015.7,139,39.3,44,28.3,1326,22.6,68
2025-12-21T11:00,25.1,68,5.2,1015.8,137,25.1,38,15.5,654,24.3,92
2025-12-21T12:00,26.3,57,6.9,1015.1,134,20.4,40.9,10.2,417,24.1,101
2025-12-21T13:00,26.6,54,9.2,1014.2,131,19.4,45.5,8.1,362,22.9,102
2025-12-21T14:00,26.6,52,10.5,1013.5,129,18.5,45.6,7.7,351,22,101
2025-12-21T15:00,26.6,50,10.8,1013.1,127,17.3,43.8,7.7,330,22,98
2025-12-21T16:00,26.1,49,10.8,1012.9,125,16.5,40.9,9.5,354,22.4,93
2025-12-21T17:00,25.5,46,8.7,1013.2,123,18.3,41.1,14.5,445,23.8,88
2025-12-21T18:00,24.2,55,7.7,1013.5,120,22.8,36.3,28.6,683,22.9,69
2025-12-21T19:00,23.3,65,7.1,1014,117,25.9,35.6,47.7,989,21.6,43
2025-12-21T20:00,22.6,72,6.8,1014.6,113,26.7,34.3,60,1150,20.2,26
2025-12-21T21:00,22,77,7,1015.1,109,25.7,32.5,59.6,1035,18.6,25
2025-12-21T22:00,21.5,79,7.6,1015.2,105,24.4,30.5,52.5,774,16.9,32
2025-12-21T23:00,21.4,67,8.1,1015.4,101,22.4,28.3,44.5,548,15.1,40
2025-12-22T00:00,21.4,62,7.7,1015.2,97,19.6,25.6,36.6,415,13,46
2025-12-22T01:00,21,61,8.1,1015.3,93,17.3,23.2,27.7,316,10.8,53
2025-12-22T02:00,20.7,60,8.6,1015.1,89,16.1,21.8,21,252,9.3,57
2025-12-22T03:00,20.4,56,8.5,1015,86,15.3,20.7,16.9,204,8.7,57
2025-12-22T04:00,19.9,55,7.8,1014.9,84,14.5,19.2,14.8,191,8.8,54
2025-12-22T05:00,18.8,70,8.5,1015,81,16,18.7,19.4,268,9.8,42
2025-12-22T06:00,18.5,69,8.7,1015,79,15.7,18.7,27.6,513,11.2,33
2025-12-22T07:00,18,68,8.7,1015.5,77,19.6,23.1,38.4,849,13.3,21
2025-12-22T08:00,17.9,64,7.5,1016,75,27.2,31.4,43.6,1099,15.4,20
2025-12-22T09:00,19.4,56,6,1016.9,72,27.9,33.3,37.7,1196,17.7,40
2025-12-22T10:00,22,46,3.4,1017.4,70,25.8,34.6,26.1,1208,20.2,71
2025-12-22T11:00,24.8,33,2.7,1017.4,69,28.2,43.3,16.4,1159,21.9,97
2025-12-22T12:00,25.9,30,1.5,1016.5,69,27.7,50.4,11.1,1019,22.2,111
2025-12-22T13:00,26.5,30,4.1,1015.4,70,27.8,51.5,7.7,818,21.9,119
2025-12-22T14:00,26.8,31,6.7,1014.7,70,28,49.4,6.3,672,22.1,124
2025-12-22T15:00,26.7,33,8.5,1014,71,28.5,48,5.3,613,23.5,131
2025-12-22T16:00,26,36,9.3,1013.6,72,29.8,47.5,6.3,609,25.5,135
2025-12-22T17:00,25,43,9.7,1013.7,73,42.3,66.4,14.8,675,32.3,130
2025-12-22T18:00,23.6,48,8.5,1014.1,75,57.5,75.2,40.6,876,32.4,95
2025-12-22T19:00,22.6,50,6.8,1014.8,79,63.1,75.9,75.9,1148,32.5,48
2025-12-22T20:00,22,50,7,1015.4,82,66.1,77.1,99.2,1317,32.2,15
2025-12-22T21:00,21.9,48,8.3,1016.1,85,72.9,82.2,101.1,1291,31.6,9
2025-12-22T22:00,22,51,8.5,1016.2,90,79.4,85.2,91,1161,30.6,17
2025-12-22T23:00,21.1,58,9.5,1016.4,94,81,84.8,76.5,1031,29.1,30
2025-12-23T00:00,20.4,61,9.9,1016.2,100,84.1,86.8,56.3,923,26.5,49
2025-12-23T01:00,20,63,9.9,1015.9,106,83.6,86.6,31.6,815,23.3,74
2025-12-23T02:00,19.5,65,10.4,1015.9,113,79.9,83.4,13.2,742,21.3,92
2025-12-23T03:00,19.1,66,10.7,1015.9,120,75.4,78.9,5.7,710,21.4,100
2025-12-23T04:00,18.8,67,11,1015.7,126,71.5,74.7,4.5,714,22.6,101
2025-12-23T05:00,18.5,66,11.4,1015.6,132,69.4,72.6,6.4,773,23.7,98
2025-12-23T06:00,18.1,67,11.7,1015.8,138,66.8,69.8,12.8,952,25.1,90
2025-12-23T07:00,17.7,68,11.5,1016.5,143,65.9,69.2,21.4,1186,27,80
2025-12-23T08:00,17.7,68,11.6,1017.2,148,66.4,69.6,26.4,1300,28.7,77
2025-12-23T09:00,19.2,62,9.8,1018.2,150,65,68.2,24.5,1186,30.5,89
2025-12-23T10:00,21.6,51,8.9,1018.8,151,60.5,65,19,951,32,108
2025-12-23T11:00,24,41,10.7,1018.4,152,52,58.4,13.9,748,31.9,123
2025-12-23T12:00,25.5,34,10.3,1017.5,152,39.7,48.1,10.2,620,28.4,129
2025-12-23T13:00,26.2,30,9.4,1016.4,153,32.7,41.1,6.9,523,23.2,131
2025-12-23T14:00,26.7,27,8.5,1015.4,153,30.4,38.2,5.4,476,19.6,131
2025-12-23T15:00,26.9,26,8,1014.8,153,29.9,37.5,4.7,499,19.1,132
2025-12-23T16:00,26.7,26,8.2,1014.6,153,30.2,37.4,5.9,571,20.2,131
2025-12-23T17:00,26.1,26,8.6,1014.8,153,25.4,29.7,12.4,653,20.8,119
2025-12-23T18:00,25.1,29,8.9,1015.1,153,39.1,43,28.4,751,20.6,94
2025-12-23T19:00,24.3,32,11,1016,152,46.2,49.5,49.8,859,20.3,60
2025-12-23T20:00,23.3,36,11.4,1016.3,152,43.8,47.6,61.7,913,19.4,38
2025-12-23T21:00,21.9,43,10.9,1016.7,151,41.4,46.2,54.8,877,17.5,38
2025-12-23T22:00,20.9,48,10,1016.9,151,39.3,45.3,38.4,788,15.1,50
2025-12-23T23:00,20,54,9.4,1017.2,149,37.8,44.9,24.9,693,12.9,59
2025-12-24T00:00,19.4,57,9.1,1016.9,144,36.4,44.1,19.2,598,11.2,61
2025-12-24T01:00,18.8,58,9.5,1016.7,139,34.5,42.4,16.4,496,9.8,62
2025-12-24T02:00,18.3,58,9.6,1016.3,134,32.2,40.4,14.3,417,8.8,62
2025-12-24T03:00,17.8,57,10,1015.8,129,30.4,38.6,11.2,347,8.2,64
2025-12-24T04:00,17.4,56,10.2,1015.4,124,29,37.1,8.7,300,8,67
2025-12-24T05:00,16.9,56,10.1,1015.6,120,28,35.6,9.8,347,8,65
2025-12-24T06:00,16.7,56,9.8,1015.9,116,28,35.3,18.5,573,9.1,54
2025-12-24T07:00,16.4,56,9.5,1016.5,112,30.9,38.1,30.2,892,10.8,40
2025-12-24T08:00,16.4,55,9.3,1017.1,108,36.1,43.1,36.8,1119,12.8,36
2025-12-24T09:00,17.6,50,7.3,1017.6,105,40,45.3,33.5,1179,15.3,51
2025-12-24T10:00,20.2,40,6.1,1018.3,102,36,43.8,25.1,1148,18.2,77
2025-12-24T11:00,22.8,34,5.6,1018.3,100,33.3,42.1,17.7,1061,20.6,99
2025-12-24T12:00,24.4,28,5.2,1017.2,98,29.2,36.9,13.1,879,22.2,114
2025-12-24T13:00,25.4,24,3.6,1015.8,97,27.4,34.9,9.6,642,23.5,125
2025-12-24T14:00,26.1,22,1.2,1015.1,97,27.1,34.3,8,508,24.8,133
2025-12-24T15:00,26.4,21,2.1,1014.5,96,27,34,6.1,566,26.3,140
2025-12-24T16:00,26,23,5.5,1014.1,96,27.4,34.3,6.2,727,27.9,142
2025-12-24T17:00,24.5,39,10.5,1014.1,96,27.3,33.2,16.2,879,35.5,138
2025-12-24T18:00,23,45,10.4,1014.3,96,48.4,53.6,43.4,973,35.2,102
2025-12-24T19:00,21.9,49,9.1,1014.8,97,57.6,62.2,80.5,1058,35,52
2025-12-24T20:00,21,54,7.8,1015.1,98,58.1,62.6,105.8,1174,35.1,16
2025-12-24T21:00,20.2,57,6.4,1015.2,99,59.8,64.7,108.3,1402,36.8,6
2025-12-24T22:00,19.5,59,6.9,1015.3,101,63.8,68.9,98.9,1660,39,10
2025-12-24T23:00,18.6,61,7.1,1015.3,104,64.3,68.7,89.1,1740,38.7,14
2025-12-25T00:00,18.4,57,7,1015.1,106,61.2,64.5,82.3,1487,33.6,13
2025-12-25T01:00,17.8,54,7.2,1014.7,109,54.8,58,75,1056,26,13
2025-12-25T02:00,17,54,7.4,1014.7,111,49.1,52.2,68.3,710,19.8,12
2025-12-25T03:00,16.4,55,7.4,1014.4,113,45.2,48.3,62.5,509,16.3,11
2025-12-25T04:00,15.8,58,7.2,1014.4,114,42.4,45.4,57.2,391,14.2,11
2025-12-25T05:00,15.2,60,5,1014.5,116,39.5,42.5,52.6,436,13.1,11
2025-12-25T06:00,14.9,62,5.1,1014.8,117,38.4,41.2,53,779,13.7,8
2025-12-25T07:00,14.8,63,5.7,1015.1,118,42.8,45.6,53.3,1285,15.1,5
2025-12-25T08:00,15,61,6,1016,119,52.6,55.4,51.7,1624,19.6,11
2025-12-25T09:00,16.7,56,4.9,1016.7,121,51.8,54.6,47.3,1641,30.2,34
2025-12-25T10:00,19.8,46,3.1,1017.2,122,45.1,48.7,41,1491,44,67
2025-12-25T11:00,22,47,1.4,1017.1,123,37.4,42.5,34.3,1307,54.9,96
2025-12-25T12:00,23.5,44,2.5,1016.3,124,36.1,40.9,26.5,1103,60.2,118
2025-12-25T13:00,24.1,42,5.1,1015.1,124,34.7,38.4,18.2,865,62.6,136
2025-12-25T14:00,24.1,45,6.9,1014.2,125,35.5,39.1,13.1,687,63.9,148
2025-12-25T15:00,24,48,7.9,1013.8,126,36.9,40.5,12.1,600,65.2,155
2025-12-25T16:00,23.6,52,7.9,1013.5,127,38.3,41.8,14.3,573,65.4,157
2025-12-25T17:00,23.1,52,8.9,1013.5,128,37.4,40.4,17.7,607,56.5,150
2025-12-25T18:00,22.3,55,8.9,1014.1,129,48.1,50.4,32.4,737,50.5,120
2025-12-25T19:00,21.6,60,7.9,1014.8,129,49.6,51.8,52.6,928,42.1,77
2025-12-25T20:00,20.8,66,6,1015.2,128,47.1,49.6,66.6,1076,34.8,45
2025-12-25T21:00,20,71,5.9,1015.5,127,45.2,47.6,68.7,1137,30.1,32
2025-12-25T22:00,19.6,74,6.2,1015.6,126,43.9,46.4,64.6,1156,26.5,29
2025-12-25T23:00,19.4,78,4.9,1015.7,123,43.3,46,59.8,1163,23.4,27
2025-12-26T00:00,19.1,79,4,1015.1,121,43,45.6,56.1,1192,20.6,24
2025-12-26T01:00,18.4,83,5.2,1014.9,119,42.1,44.9,51.8,1209,18.3,23
2025-12-26T02:00,17.4,88,5.9,1014.9,118,40.2,42.8,46.5,1149,16.5,24
2025-12-26T03:00,16.8,90,6.5,1014.6,117,37.4,39.9,38.5,902,15.3,28
2025-12-26T04:00,16.1,91,6.3,1014.3,116,34.2,36.7,29.6,577,14.6,34
2025-12-26T05:00,15.5,92,5.9,1014.5,115,34.5,36.8,28,435,14.2,29
2025-12-26T06:00,15.1,91,7.1,1014.9,115,33.5,35.6,33.5,678,14.5,20
2025-12-26T07:00,14.9,89,7.3,1015.6,114,38.1,40,40.7,1105,15.4,8
2025-12-26T08:00,15.1,83,7.4,1016.2,114,48.5,50.2,43.5,1368,19.7,10
2025-12-26T09:00,17,70,7.1,1016.7,114,46.6,48.5,37.7,1285,31,36
2025-12-26T10:00,20.2,54,5.4,1016.9,113,37.6,40.9,27.5,1038,45.6,75
2025-12-26T11:00,22.2,55,2.4,1016.8,112,32.7,36.2,18.9,834,55.7,108
2025-12-26T12:00,23.5,43,1,1015.9,112,33.3,36.4,14,741,57.1,129
2025-12-26T13:00,24.2,39,3.6,1014.8,111,33.6,36.4,10.8,690,54,144
2025-12-26T14:00,24.5,39,6.2,1013.9,111,34.6,37.1,9.5,677,50.9,153
2025-12-26T15:00,24.4,40,7.9,1013.4,111,35.2,37.6,9.2,705,50,157
2025-12-26T16:00,23.8,45,8.7,1013.3,111,35.5,38.1,10.7,770,49.2,156
2025-12-26T17:00,22.9,51,8.2,1013.4,111,33.1,35.9,15.9,857,47.4,140
2025-12-26T18:00,22,58,6.6,1013.6,110,44.9,47.1,33.6,984,43.1,108
2025-12-26T19:00,21.3,63,6.3,1014.3,110,47.7,49.9,58,1131,37,63
2025-12-26T20:00,20.6,65,5.8,1014.6,110,46.1,48.7,75.5,1228,32,28
2025-12-26T21:00,20,67,6.8,1015.1,110,46.1,49,79.8,1245,29.3,14
2025-12-26T22:00,19.4,69,6.3,1015.2,110,47.7,50.9,77.2,1210,27.7,10
2025-12-26T23:00,18.6,70,5.2,1015.3,110,50.6,53.7,73.6,1137,26.1,8
2025-12-27T00:00,18.4,71,6.5,1015.3,111,52.9,55.6,71,1009,24.1,6
2025-12-27T01:00,18.1,71,7.2,1015.1,112,53.6,55.9,67.4,843,22,6
2025-12-27T02:00,17.6,69,7.9,1015.1,113,52.4,54.4,62.4,698,20.4,9
2025-12-27T03:00,17.2,65,7.8,1015.1,114,50.4,52.3,54.4,563,19.2,15
2025-12-27T04:00,16.7,61,8.1,1014.9,116,48.1,49.8,45,449,18.4,24
2025-12-27T05:00,15.9,57,8.1,1014.8,117,45.4,47.5,41.2,454,17.9,26
2025-12-27T06:00,15.4,59,8.4,1015.1,118,44.2,46.1,45.2,684,18.2,22
2025-12-27T07:00,15.1,61,8.3,1015.5,119,47.7,49.6,50.3,1032,18.8,17
2025-12-27T08:00,15.2,61,8,1016.3,120,54.7,56.3,51.2,1279,21.1,24
2025-12-27T09:00,16.8,56,7.9,1017.1,121,53,54.6,44,1336,26.8,53
2025-12-27T10:00,19.8,46,5,1017.7,122,47.5,49.8,32.5,1291,34.2,94
2025-12-27T11:00,22.5,36,4.8,1017.6,123,39.5,42.8,22.7,1188,39.6,128
2025-12-27T12:00,24.2,30,4.3,1016.9,124,38.6,42.3,16.4,989,40.8,148
2025-12-27T13:00,25,28,2.8,1015.6,124,37.8,41.3,11.8,732,40,162
2025-12-27T14:00,25.5,26,3.6,1014.5,125,37.8,41.2,9.5,579,39.7,171
2025-12-27T15:00,25.5,27,6,1013.9,125,38.3,41.7,7.9,617,41.1,179
2025-12-27T16:00,25.1,30,8.2,1013.4,125,39.1,42.4,8.6,759,43,182
2025-12-27T17:00,23.9,39,10.5,1013.4,126,28.1,29.5,16.4,908,39.9,165
2025-12-27T18:00,22.6,44,9.9,1013.7,128,51.7,53.1,52.4,1051,41.4,122
2025-12-27T19:00,21.9,43,7.3,1014.5,134,62.4,63.6,101.6,1200,43.4,63
2025-12-27T20:00,21.2,46,7.3,1015,127,64.3,65.7,135,1302,44.4,20
2025-12-27T21:00,20.7,50,7,1015.4,129,66.1,67.8,138.5,1347,43.9,7
2025-12-27T22:00,20.2,52,7,1015.5,131,67.1,68.5,126.3,1343,42.4,10
2025-12-27T23:00,19.3,53,7.1,1015.6,133,64.5,65.2,112.1,1261,39.3,13
2025-12-28T00:00,18.8,48,8.6,1015.4,135,54.6,55.1,99.8,1042,33.5,12
2025-12-28T01:00,18.4,44,7.2,1015.2,135,45.2,45.4,85.6,744,26.2,13
2025-12-28T02:00,17.7,46,7.8,1015.1,134,37.8,38.1,71.9,514,20.5,15
2025-12-28T03:00,17,49,7.6,1015.3,132,32.6,32.8,58.2,385,17.7,21
2025-12-28T04:00,16.4,51,7,1015.4,131,29.2,29.3,45.1,323,16.6,29
2025-12-28T05:00,16,52,6.7,1015.2,129,27.9,28.1,49.5,377,15.8,19
2025-12-28T06:00,15.8,52,7.9,1015.4,127,27.2,27.4,49.4,624,16.6,16
2025-12-28T07:00,15.6,51,8.3,1016,125,31.1,31.3,49,987,17.9,14
2025-12-28T08:00,15.7,51,7.9,1016.7,123,39,39.2,46.3,1274,20.3,21
2025-12-28T09:00,17,47,7.5,1017.4,122,41.7,42,39.4,1435,24.6,46
2025-12-28T10:00,20,39,4.3,1017.9,121,42,42.5,30.3,1521,30,81
2025-12-28T11:00,22.9,31,4.5,1018,120,33.9,35,22.5,1496,34.3,110
2025-12-28T12:00,24.5,27,3.6,1017,119,28.5,29.7,16.9,1277,36.2,128
2025-12-28T13:00,25.2,26,3.8,1015.8,118,26.5,27.7,12.7,948,37.1,139
2025-12-28T14:00,25.5,26,4.9,1014.4,117,27.6,29,10.7,721,38.6,148
2025-12-28T15:00,25.6,26,5.5,1014.1,116,29.9,31.3,10,696,42.2,157
2025-12-28T16:00,25.4,27,6.3,1013.5,115,32.4,33.6,11.6,775,46.5,162
2025-12-28T17:00,24.4,34,8.6,1013.4,115,31.5,32.4,17.8,871,49,159
2025-12-28T18:00,22.9,42,8.1,1013.7,115,50.1,50.6,39.1,967,48.9,129
2025-12-28T19:00,22,45,6.6,1014.2,115,58.6,59,68.3,1081,48.6,88
2025-12-28T20:00,21.1,48,6.4,1014.8,114,61.2,61.7,88.6,1186,48,56
2025-12-28T21:00,20.4,52,7,1015.1,114,64,64.5,91.7,1307,47.1,44
2025-12-28T22:00,20,53,6.8,1015.3,114,67.3,68,86,1420,45.9,43
2025-12-28T23:00,19.2,54,6.9,1015.6,114,68.2,68.9,78.9,1424,43.3,41
2025-12-29T00:00,19.1,49,7.4,1015.1,114,66.4,67.1,72.7,1232,38.4,35
2025-12-29T01:00,18.7,46,7.7,1015,115,61.5,62.2,65.3,933,32.2,30
2025-12-29T02:00,18.1,45,7.3,1014.7,117,55.8,56.3,57.9,690,26.8,26
2025-12-29T03:00,17.4,47,7.6,1014.3,119,51,51.6,49.7,528,22.7,25
2025-12-29T04:00,16.6,51,6.9,1014.2,121,47.3,47.7,41.6,422,19.4,27
2025-12-29T05:00,16,55,6.2,1014.2,123,42.1,42.7,33.5,471,18.2,28
2025-12-29T06:00,15.5,58,6.6,1014.4,124,41.2,41.7,38.5,804,18.5,21
2025-12-29T07:00,15.1,60,7.2,1015.1,126,44.2,44.8,45.1,1291,19.1,13
2025-12-29T08:00,15.1,60,7.4,1015.8,127,51.5,52,48,1636,20.4,17
2025-12-29T09:00,16.9,54,6,1016.9,128,50.5,51.1,44,1719,22.6,41
2025-12-29T10:00,19.6,44,4.2,1017.5,129,47.1,47.8,36.3,1661,25.7,77
2025-12-29T11:00,22.2,38,4.1,1017.3,130,39.9,41,28.7,1524,29.8,110
2025-12-29T12:00,24.1,33,4.1,1016.5,130,38.3,39.5,21.7,1273,36.1,136
2025-12-29T13:00,25.1,32,4.3,1015.3,131,38.6,39.9,14.9,944,43.6,158
2025-12-29T14:00,25.5,32,6.5,1014.1,133,41,42.6,10.8,711,48.9,173
2025-12-29T15:00,25.3,33,7.6,1013.7,134,43.4,45.2,10.2,643,50.9,180
2025-12-29T16:00,25,34,7.9,1013.2,136,44.8,46.7,12.4,672,50.8,179
2025-12-29T17:00,24,36,7.6,1013.1,137,38.4,39.7,15.4,763,54.4,177
2025-12-29T18:00,22.8,43,7.7,1013.4,138,48.5,49.5,26.7,963,50.5,150
2025-12-29T19:00,22,51,8.1,1014.5,137,49.7,50.5,42.2,1227,44.9,112
2025-12-29T20:00,21.1,59,8.5,1014.8,136,46.8,47.7,51.9,1382,39.3,83
2025-12-29T21:00,20.6,62,7.6,1015.1,135,44.6,45.6,50.8,1318,34.1,71
2025-12-29T22:00,20.2,63,7.8,1015.2,133,43.4,44.7,44.1,1147,28.9,68
2025-12-29T23:00,19.4,65,6.7,1015.3,130,43.4,44.8,37.5,1027,24.5,66
2025-12-30T00:00,18.7,67,6.1,1014.8,128,43.5,44.9,32.9,1054,21.1,63
2025-12-30T01:00,18,70,6.7,1014.3,125,43,44.4,28.5,1133,18.4,62
2025-12-30T02:00,17.8,70,5.1,1014,124,42.1,43.5,24.6,1143,16.5,61
2025-12-30T03:00,17.5,71,4.8,1013.4,122,41.4,43,19.8,964,15.4,63
2025-12-30T04:00,17,73,5.2,1013.2,121,40.7,42.3,15.5,716,15.1,66
2025-12-30T05:00,16.8,70,4.4,1012.8,120,44.4,45.9,19.4,632,14.6,52
2025-12-30T06:00,16.4,70,5.3,1013.2,121,46.4,47.8,30,898,15.6,37
2025-12-30T07:00,16.1,69,6,1013.6,121,53.8,55.3,44.2,1328,17.3,17
2025-12-30T08:00,16.4,66,4.9,1014.3,122,69.2,70.5,51.2,1597,20.4,13
2025-12-30T09:00,18.1,58,4.4,1015,124,72.2,73.6,44.4,1546,27,41
2025-12-30T10:00,21.3,48,3.3,1015.6,126,59.6,62.9,30.5,1333,35.2,85
2025-12-30T11:00,23,51,2.5,1015.3,128,52.9,57.4,18.9,1111,39.4,119
2025-12-30T12:00,24,52,6.7,1014,129,50.6,54.9,12.9,898,36.3,134
2025-12-30T13:00,24.4,53,8.5,1012.7,130,47.8,51.9,9.2,675,29.3,140
2025-12-30T14:00,24.2,56,10.7,1011.7,131,46.1,50.4,7.2,537,23.6,141
2025-12-30T15:00,23.9,60,10.1,1011.3,132,45.9,50.3,6.3,507,21.3,139
2025-12-30T16:00,23.4,66,11.9,1010.9,132,46.1,49.9,7.2,561,20.2,133
2025-12-30T17:00,22.6,72,10.3,1010.3,132,38.6,41.8,11,721,16,112
2025-12-30T18:00,22.5,75,7.9,1010.5,132,38.8,40.9,22.6,1089,16,93
2025-12-30T19:00,22.1,79,7.2,1011,131,39.8,41.8,38.5,1563,15.9,68
2025-12-30T20:00,22,80,9.1,1011.5,130,41.3,43.3,49.6,1863,15.6,49
2025-12-30T21:00,21.7,84,11.8,1011.4,130,40.7,42.7,52.2,1868,15.1,42
2025-12-30T22:00,21.4,86,12.1,1011.4,129,37.3,39.3,50,1699,14.3,42
2025-12-30T23:00,21.4,86,9.2,1011.1,128,32.8,35,44.9,1441,13.1,46
2025-12-31T00:00,21.6,83,8.9,1010.8,127,26.5,28.8,35.6,1040,10.9,55
2025-12-31T01:00,19.2,83,19.7,1011.5,126,21.5,25,23.5,550,8.2,67
2025-12-31T02:00,19.1,88,6.8,1010.7,123,15.5,21,14.7,220,6.6,75
2025-12-31T03:00,18.5,91,0.7,1009.9,121,13.3,19.9,11.1,185,6.8,75
2025-12-31T04:00,18.5,90,0.7,1009.6,118,13.6,20.8,10.8,310,8.1,71
2025-12-31T05:00,20.4,85,9.1,1008.9,115,14.4,24.4,11.9,444,8.1,66
2025-12-31T06:00,20.3,83,9.1,1008.9,112,17.1,27.2,25.8,569,11,48
2025-12-31T07:00,20.2,82,9,1009.4,109,24.2,34.2,44.4,702,14.9,25
2025-12-31T08:00,20.5,80,12.4,1009.9,106,35.7,45.6,53.7,744,18.2,15
2025-12-31T09:00,22.4,61,13,1010.7,102,33.8,44.7,44.8,613,20.2,33
2025-12-31T10:00,23,49,17.2,1011.5,98,23.1,43.5,26.6,392,21.5,64
2025-12-31T11:00,24.1,46,12.8,1010.9,95,20,43.8,12.2,229,21.8,90
2025-12-31T12:00,24.1,47,13.6,1010.1,92,18,39.9,6.8,191,20.5,103
2025-12-31T13:00,24.1,46,12.3,1009,89,16.2,34.9,5.1,212,18.2,110
2025-12-31T14:00,24.1,44,11.1,1008.2,87,14.3,29.9,4.8,241,16.3,113
2025-12-31T15:00,23.8,42,12.2,1007.8,84,12.7,26.5,4.4,233,15.6,111
2025-12-31T16:00,23.1,39,13.2,1007.9,81,11.9,25.2,5.3,234,15.3,105
2025-12-31T17:00,22.3,48,12.4,1008.2,78,13.1,26.5,10.2,333,18.4,98
2025-12-31T18:00,21.2,54,9.8,1008.7,75,16.8,27.1,21.5,616,17.7,80
2025-12-31T19:00,20.6,58,5.9,1009.4,74,20.7,30,37.2,997,16.8,56
2025-12-31T20:00,20,60,4.7,1010,72,22.6,31.8,49.7,1304,16.4,36
2025-12-31T21:00,19.5,60,6,1010.5,70,24.1,32.9,56.2,1491,16.9,26
2025-12-31T22:00,19,61,6,1011.2,69,26.1,35.4,59.5,1605,17.9,22
2025-12-31T23:00,18.5,66,4.1,1011.4,68,29.7,40.3,60.3,1615,18.4,20
2026-01-01T00:00,18.7,64,5,1011.3,67,31.4,42.6,58.1,1477,18,21
2026-01-01T01:00,18.3,66,2.8,1011.1,68,30.3,41.1,53.3,1236,17.2,24
2026-01-01T02:00,17.6,69,6.6,1011.3,69,29.2,39.9,48.1,987,16.1,26
2026-01-01T03:00,17.1,71,7,1011.3,70,27.9,37.7,42,702,14.5,26
2026-01-01T04:00,16.8,73,7.3,1011.2,71,24.4,31.4,35.4,411,12.7,25
2026-01-01T05:00,16.2,77,8.7,1011.7,72,21.2,22.9,35.1,299,13.1,23
2026-01-01T06:00,16.1,78,8.4,1012.3,73,22.2,25.1,35.9,533,13.8,24
2026-01-01T07:00,15.9,80,8,1013,73,34.7,40.5,36.7,946,14.9,27
2026-01-01T08:00,16,79,8,1014.2,74,53.4,61.9,35.2,1221,16.4,37
2026-01-01T09:00,17.5,69,6.9,1015,76,67.5,77.3,29.4,1211,18.9,59
2026-01-01T10:00,19.5,59,6.7,1015.8,79,77.1,90.8,21.3,1064,21.8,88
2026-01-01T11:00,21.3,53,6.7,1016,83,74,90.6,14.6,905,23.7,112
2026-01-01T12:00,22.7,46,5.6,1015.5,88,57,75,10.3,752,23.5,125
2026-01-01T13:00,23.6,42,3.7,1014.3,92,46.1,63.3,7.4,588,22.3,132
2026-01-01T14:00,24.4,39,3.6,1013.4,94,41.1,59.8,6.3,484,21.9,137
2026-01-01T15:00,24.7,37,3.3,1012.8,97,40.4,60.8,3.9,463,22.8,143
2026-01-01T16:00,24.5,38,4.6,1012.5,99,41,61.9,3.3,504,24.4,147
2026-01-01T17:00,23.8,40,5.7,1012.8,102,43.2,65.4,13.5,610,23.8,126
2026-01-01T18:00,21.9,57,10.4,1013.7,105,53.1,74,41.7,814,29.8,93
2026-01-01T19:00,20.9,62,9.1,1014.8,109,72.9,93.4,80.1,1085,37.9,49
2026-01-01T20:00,20.5,63,6.4,1015.5,114,87.1,106.6,105.1,1332,42.9,16
2026-01-01T21:00,20.1,62,7.3,1016,121,90.1,108.3,104,1574,42.3,7
2026-01-01T22:00,19.9,58,7.3,1016.3,128,82.4,98.3,89.4,1792,38.7,11
2026-01-01T23:00,19.2,55,8.2,1016.5,134,73.3,85,75.9,1843,33.9,15
2026-01-02T00:00,18.5,57,8.5,1016.2,138,63.8,74.3,69.4,1601,27.8,15
2026-01-02T01:00,17.9,61,7.7,1016.3,142,56.5,67.5,63.8,1193,20.6,15
2026-01-02T02:00,17.5,64,7.6,1016.1,145,51.8,64.5,55.7,853,15.2,19
2026-01-02T03:00,17,66,8.4,1016,147,49.2,63.3,40.7,646,13,31
2026-01-02T04:00,16.5,68,9.3,1016.1,149,47.7,63.1,23.1,508,12.7,46
2026-01-02T05:00,15.9,71,8.5,1016.2,150,49.5,64.3,23.1,484,13,40
2026-01-02T06:00,15.8,70,8.8,1016.9,151,48.9,65.2,28.3,663,14.2,35
2026-01-02T07:00,15.5,68,9,1017.7,152,51.8,68.9,35.1,955,15.9,28
2026-01-02T08:00,15.6,65,9.3,1018.5,152,56.8,74.7,37.8,1137,17.6,30
2026-01-02T09:00,17.1,58,7.5,1019.5,152,59,73.8,32.6,1100,19.4,47
2026-01-02T10:00,19.4,48,6.7,1020.1,152,52.4,75.2,23.4,953,21.2,71
2026-01-02T11:00,21.5,41,6.8,1020.2,151,42,73.6,15.6,802,22.7,94
2026-01-02T12:00,22.9,38,5.1,1019.6,151,42,77.3,11,657,23.5,113
2026-01-02T13:00,23.8,35,3.5,1018.5,150,44,76.1,7.9,507,24,129
2026-01-02T14:00,24.4,33,2.5,1017.4,150,44.2,75.2,6.6,427,24.6,140
2026-01-02T15:00,24.5,32,2.1,1016.8,150,44.2,74.5,4.7,447,25.1,146
2026-01-02T16:00,24.4,32,2.9,1016.5,150,44.2,73.8,4.7,537,25.9,147
2026-01-02T17:00,23.8,36,6.7,1016.3,150,43.2,69.6,14.7,674,29.1,139
2026-01-02T18:00,22.2,50,11.6,1016.6,150,48,73.1,47.7,850,35.5,104
2026-01-02T19:00,21.2,54,10.8,1017.3,150,68.7,93.6,92.8,1074,44.2,55
2026-01-02T20:00,20.7,57,6.5,1017.8,150,86.4,111.1,123.2,1351,50.4,19
2026-01-02T21:00,20.1,60,4,1018,150,95.9,119.7,125.5,1797,52.6,9
2026-01-02T22:00,19.5,61,5.7,1018.1,150,90.6,112,113.1,2297,52.4,12
2026-01-02T23:00,19,56,5.9,1018.3,150,79.9,96.6,100,2507,49.2,15
2026-01-03T00:00,18.5,52,6.6,1018,151,68.7,80.6,90.1,2180,41.4,14
2026-01-03T01:00,17.6,52,6.5,1017.9,151,58.9,69.4,79.4,1563,30.6,14
2026-01-03T02:00,16.8,54,6.5,1017.6,151,51.5,61.5,70.1,1058,22,14
2026-01-03T03:00,16.2,56,6.5,1017.5,151,45.6,55.8,62.9,779,17.4,15
2026-01-03T04:00,15.8,59,5.9,1017.3,151,41.7,52.3,57.1,611,14.9,16
2026-01-03T05:00,15.2,62,4.9,1017.3,151,38.9,48.8,49.6,612,13.9,17
2026-01-03T06:00,14.9,64,5.3,1017.4,150,38,48,50.1,910,14.2,12
2026-01-03T07:00,14.6,65,5.9,1017.9,150,43.1,53,50.5,1378,15.1,7
2026-01-03T08:00,14.6,65,6.9,1018.5,150,55.1,64.5,48.2,1687,18.8,12
2026-01-03T09:00,16.1,61,5.8,1019.2,149,51.1,61.2,41.3,1689,28.2,36
2026-01-03T10:00,18.6,53,4.9,1019.7,149,40.2,52.4,31.7,1534,40.3,71
2026-01-03T11:00,20.6,47,5.3,1019.8,147,36.9,53.2,23.3,1341,48.6,104
2026-01-03T12:00,21.8,48,3.2,1018.9,147,43.3,63.6,17,1117,49.8,132
2026-01-03T13:00,22.6,47,4,1017.7,147,46.1,67.3,11.9,857,47.1,157
2026-01-03T14:00,23,46,6.6,1016.7,147,47.5,68.2,8.9,662,44.2,173
2026-01-03T15:00,23,48,8,1016,147,48.1,67.5,7.5,546,42.3,180
2026-01-03T16:00,22.9,50,7.8,1015.7,148,48,66.4,8.2,496,40.2,177
2026-01-03T17:00,22.4,52,8.2,1015.5,148,57.5,81.3,13.9,575,35.9,161
2026-01-03T18:00,21.6,55,7.7,1015.9,150,64,81,33.6,876,33.7,126
2026-01-03T19:00,20.8,61,6.7,1016.6,150,70.3,84.3,60.7,1307,30.6,78
2026-01-03T20:00,20,67,5,1017.1,150,71.7,85.2,80.6,1649,28.1,40
2026-01-03T21:00,19.2,71,4.3,1017.6,150,71.9,86.1,87,1829,27.1,23
2026-01-03T22:00,18.5,74,3.6,1018,148,71.2,86.8,86.2,1921,26.7,17
2026-01-03T23:00,17.6,79,2.1,1017.9,146,71.7,89.6,82.6,1930,25.8,15
2026-01-04T00:00,17.9,78,3.5,1017.5,145,72.4,92.2,77.2,1849,23.7,15
2026-01-04T01:00,17.5,80,4,1017.2,145,71,92.4,69.1,1685,21,18
2026-01-04T02:00,16.9,84,4.6,1017.1,146,67.5,90.1,60,1467,18.5,22
2026-01-04T03:00,16.1,88,5.4,1017.1,148,62.9,84.1,48.6,1115,16.1,26
2026-01-04T04:00,15.7,89,5.7,1016.9,150,58.3,77.5,36.4,709,13.8,31
2026-01-04T05:00,14.9,88,5.9,1017.3,150,58.9,77.8,34.1,519,13.7,28
2026-01-04T06:00,14.6,88,6.4,1017.4,151,59.4,77.5,37.3,756,13.6,19
2026-01-04T07:00,14.5,88,7,1018.1,151,65.4,83.4,41.6,1209,13.8,8
2026-01-04T08:00,14.8,84,7,1018.7,152,77.3,95.5,42.9,1514,16,9
2026-01-04T09:00,16.4,74,6,1019.5,152,74.3,94.5,39,1506,21.4,32
2026-01-04T10:00,18.9,59,5.3,1020.1,153,57.5,101.3,32.2,1351,28.9,66
2026-01-04T11:00,21,55,6.4,1020.1,153,54.7,123.4,25.8,1184,36.1,97
2026-01-04T12:00,22.3,54,4.7,1019.3,153,53.4,129.5,20.2,1028,43.1,120
2026-01-04T13:00,23.2,49,4.9,1018.1,154,52.9,121.5,15.1,860,49.8,139
2026-01-04T14:00,23.7,48,6.3,1017,154,51,112.2,12.1,746,54.4,153
2026-01-04T15:00,23.5,50,7.6,1016.5,154,52.4,108.5,11.2,720,56.3,162
2026-01-04T16:00,23,55,8.9,1016.3,154,53.8,106.9,12.6,747,56.1,165
2026-01-04T17:00,22,52,7.8,1016.5,154,48.4,96.6,16.1,791,47.9,145
2026-01-04T18:00,21,60,7.3,1017,154,54.9,92.7,31.2,823,42.9,115
2026-01-04T19:00,20.2,70,7.6,1017.8,154,57.5,91.5,52.1,872,35.9,73
2026-01-04T20:00,19.8,76,6.8,1018.4,153,57.7,93.1,67.8,990,30.2,40
2026-01-04T21:00,19.4,80,5.6,1018.6,153,58,93.4,73.8,1283,27.4,25
2026-01-04T22:00,18.9,82,4.6,1018.6,153,59.6,96.2,74.6,1645,25.8,19
2026-01-04T23:00,18,87,2.7,1018.8,153,61.2,99.7,72.4,1813,24.2,16
2026-01-05T00:00,17.9,88,4.5,1018.4,152,61,100.6,67.1,1616,21.7,16
2026-01-05T01:00,17.4,91,5.3,1018.1,152,57.6,93.1,58.8,1223,19.1,19
2026-01-05T02:00,16.9,93,5.7,1017.9,152,52.2,84.1,50.5,883,17.1,22
2026-01-05T03:00,16.5,93,6.6,1017.7,151,49.6,84.8,41.9,641,15.8,25
2026-01-05T04:00,16.2,93,7.2,1017.8,151,48.8,84.1,33.2,450,15,29
2026-01-05T05:00,15.8,92,7.1,1018.2,151,49.8,85.2,33.7,420,14.6,22
2026-01-05T06:00,15.8,88,6.9,1018.8,151,48.7,82.2,36.6,688,15.4,16
2026-01-05T07:00,15.6,86,7.1,1019.3,151,51.5,82.9,40.4,1116,16.8,8
2026-01-05T08:00,15.4,85,6.8,1020.1,150,59.1,89.9,41.4,1403,19.5,13
2026-01-05T09:00,17,75,5.1,1020.7,149,59.6,85.7,37.4,1404,24.8,39
2026-01-05T10:00,19.3,60,5,1021.2,148,53.3,86.1,30.7,1262,31.5,76
2026-01-05T11:00,21.4,49,4.9,1021.5,147,43.8,81.5,24.2,1110,36.8,111
2026-01-05T12:00,22.6,45,3.6,1020.5,146,41.7,72.4,18.3,968,39.7,139
2026-01-05T13:00,23.6,40,2.4,1019.5,145,42.6,67.8,12.6,815,41.3,164
2026-01-05T14:00,24.3,37,2.9,1018.4,144,42,64.3,9.2,715,42,181
2026-01-05T15:00,24.4,37,4.2,1017.7,143,41.6,61.9,6.2,682,41.9,192
2026-01-05T16:00,23.9,43,6.8,1017.3,142,41.6,61,5.5,703,40.9,195
2026-01-05T17:00,22.9,52,7.9,1017.1,141,53.4,86.1,14.3,798,34.3,173
2026-01-05T18:00,21.7,57,8.9,1017.4,141,65.4,96.4,48.7,1043,37.8,129
2026-01-05T19:00,21,61,7.1,1018.2,142,86.1,118.7,95.6,1363,42.4,69
2026-01-05T20:00,20.6,65,4.9,1018.7,145,90.8,123.4,125.9,1551,44.2,25
2026-01-05T21:00,20.5,66,5.2,1018.9,149,90.8,121.1,125.7,1500,41,13
2026-01-05T22:00,19.9,59,8.2,1019,150,83.4,103.8,108.9,1317,35,17
2026-01-05T23:00,19.2,57,9.4,1019.1,151,67.5,78.5,88.9,1120,28.8,26
2026-01-06T00:00,18.6,60,9.4,1018.9,151,54.5,61.7,67.1,926,22.5,39
2026-01-06T01:00,18.2,62,9.3,1018.7,151,46.7,53.8,42,718,16,56
2026-01-06T02:00,18,62,9.3,1018.5,151,42.5,50.5,22.6,562,11.3,71
2026-01-06T03:00,17.5,64,9.2,1018.3,150,39.8,48.8,12.5,460,9.6,80
2026-01-06T04:00,17.1,66,9.1,1018.3,150,38.1,47.7,8.1,410,9.7,86
2026-01-06T05:00,16.4,70,8.8,1018.3,150,37.1,46.4,8.4,471,10.1,84
2026-01-06T06:00,16.1,71,8.3,1018.9,149,37.3,46.9,14.4,753,11.2,77
2026-01-06T07:00,15.8,72,7.4,1019.8,148,39.8,49.4,22.5,1146,12.7,69
2026-01-06T08:00,15.9,71,8.2,1020.5,147,43.3,52.2,26.8,1376,14.1,68
2026-01-06T09:00,17.2,63,7,1021.3,145,44.4,51.6,23.8,1293,15.4,81
2026-01-06T10:00,19,54,8.6,1021.8,143,41.4,50.1,17,1047,16.7,101
2026-01-06T11:00,21.2,47,8.7,1021.4,142,35.5,43.8,11.3,819,17.1,117
2026-01-06T12:00,23.1,36,11.4,1020.5,141,28.2,37,8.1,656,16,125
2026-01-06T13:00,24.2,29,11.8,1019.5,140,22.6,30.4,6,511,14,129
2026-01-06T14:00,24.8,27,11.2,1018.4,138,20.3,27.4,5.1,424,12.7,131
2026-01-06T15:00,24.8,26,10.2,1017.8,135,20.1,27.2,5.4,417,12.7,132
2026-01-06T16:00,24.6,26,10.2,1017.8,133,20.8,28.2,6.9,467,13.2,131
2026-01-06T17:00,24,27,10.1,1018,131,30.9,41.7,11.2,545,15.3,126
2026-01-06T18:00,22.9,30,10.9,1018.6,129,39.7,47,19.5,674,15.3,110
2026-01-06T19:00,22,34,12.7,1019.4,126,44.6,50.6,30.8,831,15.2,88
2026-01-06T20:00,21,37,12.8,1020,122,44.7,50.8,37.3,923,15.1,72
2026-01-06T21:00,20,41,12.5,1020.5,117,45.3,52.2,34.7,898,14.9,69
2026-01-06T22:00,19.2,46,12,1020.7,112,47.1,54.9,27.4,807,14.7,73
2026-01-06T23:00,18.5,50,11.6,1020.7,108,49.4,58.1,20.7,718,14.5,77
2026-01-07T00:00,17.8,54,10.3,1020.4,106,50.9,60.1,16.4,647,14.1,80
2026-01-07T01:00,17.2,57,9.9,1020.2,106,51.5,61,12.8,577,13.7,84
2026-01-07T02:00,16.8,59,10.3,1020.3,107,52,61.5,10,521,13.6,87
2026-01-07T03:00,16.4,60,11.3,1019.8,108,52.5,61.2,7.4,468,13.8,91
2026-01-07T04:00,16,62,11.7,1019.8,109,52.7,60.1,5.7,430,14.3,95
2026-01-07T05:00,15.6,62,10.8,1019.8,110,52.9,58.8,6.6,456,14.7,92
2026-01-07T06:00,15.4,62,10.6,1020.4,112,52.2,56.8,12.4,615,15.4,85
2026-01-07T07:00,15.2,62,11.2,1020.7,114,52.9,56.6,20.2,839,16.4,77
2026-01-07T08:00,15.4,61,11.5,1021.2,115,54.6,57.7,24.5,968,17.4,76
2026-01-07T09:00,16.9,56,9.8,1021.7,116,54.8,57.3,21.9,915,18.8,90
2026-01-07T10:00,18.9,49,10.2,1022.3,117,52.2,55.4,15.8,768,20.2,111
2026-01-07T11:00,20.8,42,11.3,1022.1,118,44.6,49,10.5,635,20.4,128
2026-01-07T12:00,22.4,32,12.4,1021.3,119,32,36.7,7.5,546,18.2,134
2026-01-07T13:00,23.3,27,12.2,1020.1,120,24.6,29.4,5.4,472,14.7,135
2026-01-07T14:00,23.8,25,11.6,1018.9,120,22.5,27.5,4.5,432,12.1,135
2026-01-07T15:00,23.8,25,11.8,1018.3,120,22.2,27.1,4.7,436,11.3,135
2026-01-07T16:00,23.5,25,12.3,1018.2,120,22.2,26.8,6,475,11.3,133
2026-01-07T17:00,22.7,27,12.1,1018.3,121,27.6,31.7,9.9,543,12.5,128
2026-01-07T18:00,21.8,28,12.2,1018.8,120,33.8,37,16.8,669,12.7,113
2026-01-07T19:00,20.9,29,13.7,1019.6,120,37.4,40.3,26.1,823,12.9,93
2026-01-07T20:00,19.9,33,13.6,1020.1,119,36.6,39.6,32.2,914,13,77
2026-01-07T21:00,18.7,40,12.9,1020.8,118,36.2,39.2,32.3,890,12.9,71
2026-01-07T22:00,17.6,47,13.6,1021,117,36.9,39.8,29.1,803,12.8,69
2026-01-07T23:00,17,50,14.4,1021.3,116,38,40.7,25,714,12.6,71
2026-01-08T00:00,16.7,50,14.1,1020.9,115,38.4,40.9,20.2,637,12.4,77
2026-01-08T01:00,16.2,50,13.7,1020.4,113,38.1,40.3,14.5,557,12.3,87
2026-01-08T02:00,15.9,50,13.5,1020.3,112,37.4,39.2,10,496,12.3,94
2026-01-08T03:00,15.6,50,13.4,1020.3,111,36.7,38.2,7.2,448,12.6,96
2026-01-08T04:00,15.2,51,14.4,1020.2,109,36.2,37.6,5.6,418,13.1,96
2026-01-08T05:00,15,51,14.2,1020.3,107,38,39.1,6.1,443,14.7,95
2026-01-08T06:00,14.9,52,14.3,1020.6,106,38.3,39.7,10.8,579,15,88
2026-01-08T07:00,14.6,53,13.2,1021.3,104,39.9,41.3,17.1,771,15.5,78
2026-01-08T08:00,14.6,53,13.1,1021.7,103,42.6,44,20.5,886,15.9,76
2026-01-08T09:00,15.7,50,10,1022.6,102,43.4,44.9,18.1,855,16.4,88
2026-01-08T10:00,17.6,45,11.4,1022.9,100,40.6,42.3,12.7,748,16.8,107
2026-01-08T11:00,19.5,36,12.6,1023,99,33.8,35.2,8.3,645,16.6,123
2026-01-08T12:00,20.8,26,13.4,1021.9,98,27.1,28.1,6.2,563,15.3,130
2026-01-08T13:00,21.9,21,12.4,1020.8,98,22.6,23.5,5,484,13.5,134
2026-01-08T14:00,22.5,18,10.8,1019.5,98,20.3,21.1,4.8,440,12.2,135
2026-01-08T15:00,22.6,18,10.5,1018.9,98,19.3,20.1,4.9,431,11.8,135
2026-01-08T16:00,22.5,19,10.5,1018.7,97,19.3,20.1,6,457,12,133
2026-01-08T17:00,21.9,20,10.4,1018.6,97,11.7,11.9,9.9,544,12.6,124
2026-01-08T18:00,21,22,9.7,1019,96,17.9,18.2,19.7,757,12.8,106
2026-01-08T19:00,20,25,11.4,1019.8,94,23.6,24,33,1031,13,82
2026-01-08T20:00,19,28,12.2,1020.4,93,23.6,24,41.5,1199,13.1,64
2026-01-08T21:00,18,32,12.1,1020.9,92,23.2,23.8,40.9,1170,13,59
2026-01-08T22:00,17,39,10.9,1020.9,91,23.8,24.6,35.4,1034,12.8,60
2026-01-08T23:00,16,45,10.5,1020.9,90,25,25.9,29.7,901,12.5,62
2026-01-09T00:00,15.6,48,10.7,1020.4,88,25.8,26.9,25,800,12,64
2026-01-09T01:00,15.1,49,10.4,1020.5,87,25.8,26.9,20.1,700,11.5,68
2026-01-09T02:00,14.8,49,10.3,1020.4,86,25.4,26.7,15.9,620,11.2,72
2026-01-09T03:00,14.5,49,9.9,1020,85,25.3,26.7,11.7,534,11.4,77
2026-01-09T04:00,14.2,49,9.4,1019.8,84,25.5,27,8.2,467,11.9,83
2026-01-09T05:00,13.8,48,8.9,1019.5,83,24.7,26.1,8,511,11.9,84
2026-01-09T06:00,13.4,48,8.8,1019.6,82,25.5,26.9,15,779,13,76
2026-01-09T07:00,13.1,49,8.5,1019.6,81,28.2,29.6,24.4,1159,14.5,65
2026-01-09T08:00,13.2,49,8,1020.4,80,32.9,34.3,29.7,1402,16,63
2026-01-09T09:00,14.6,45,6.2,1021.4,79,35.2,36.4,27,1389,17.4,76
2026-01-09T10:00,16.8,38,6.6,1022.2,78,31.5,33.1,20.2,1240,18.7,98
2026-01-09T11:00,19.1,31,7.3,1022.2,77,25.4,27,14.2,1063,19.7,117
2026-01-09T12:00,21,25,7.1,1021.5,77,22.4,24.1,10.5,860,20.1,130
2026-01-09T13:00,22.1,22,6.4,1020.5,76,21.7,24,7.7,629,20.1,140
2026-01-09T14:00,22.8,21,5.5,1019.4,76,21.8,25,6.3,476,20.1,146
2026-01-09T15:00,23,21,5.2,1018.5,76,21.6,25.1,5.2,420,20.2,149
2026-01-09T16:00,23.1,21,4.8,1017.9,76,21.3,24.8,5.5,443,20.3,148
2026-01-09T17:00,22.6,21,4.2,1017.9,80,10.6,11.3,11.5,593,21.2,136
2026-01-09T18:00,21.8,23,2,1018.1,93,20.3,20.7,34.5,1019,20.8,103
2026-01-09T19:00,20.6,28,1.5,1018.9,94,33.2,33.5,65.4,1573,20.2,58
2026-01-09T20:00,19.5,27,6.2,1019.5,81,25.3,25.4,82.2,1860,19,29
2026-01-09T21:00,18.6,26,9.2,1020,78,18,18.2,71.4,1626,16.6,34
2026-01-09T22:00,17.3,31,11,1020.3,77,14.6,14.8,46.5,1124,13.5,55
2026-01-09T23:00,16.5,35,11.6,1020.6,77,13.4,13.8,26.4,721,11.3,72
2026-01-10T00:00,16.1,37,11.1,1020.4,75,13.8,14.2,18.5,566,10.7,76
2026-01-10T01:00,15.4,40,10.6,1020.1,74,14.7,15.3,15.3,511,10.9,77
2026-01-10T02:00,14.9,43,10.8,1019.8,73,15.5,16.5,13.1,472,11.4,77
2026-01-10T03:00,14.3,46,10.6,1019.8,73,16.4,17.6,10,400,12.1,80
2026-01-10T04:00,14.1,46,10.7,1020,72,17.4,18.6,7.9,345,13.1,84
2026-01-10T05:00,13.7,47,11.2,1019.7,71,19.7,21,8.8,377,14.1,82
2026-01-10T06:00,13.6,46,10.7,1020,71,21.4,22.7,15.1,583,15.3,75
2026-01-10T07:00,13.4,46,10.6,1020.6,70,24.8,26.1,23.5,877,17.1,67
2026-01-10T08:00,13.5,45,10.3,1021,70,30.3,31.4,28.2,1066,19.1,66
2026-01-10T09:00,14.9,41,9.2,1021.6,70,32.7,33.9,25.7,1058,21.7,80
2026-01-10T10:00,17.4,35,8.2,1021.9,69,31.2,32.7,19.6,946,24.4,102
2026-01-10T11:00,19.5,30,8.3,1021.9,69,30.4,32.6,14.1,820,26.1,121
2026-01-10T12:00,21.2,24,6.8,1021.2,70,28,30.9,10.6,688,25.7,133
2026-01-10T13:00,22.3,22,5.2,1020.1,70,25.7,28.7,7.7,542,24.1,142
2026-01-10T14:00,23,23,5.4,1019.1,71,25.1,28.2,6.4,449,23,147
2026-01-10T15:00,23.3,23,6.1,1018.4,71,25.1,28.5,4.3,368,22.9,152
2026-01-10T16:00,23.3,23,5.9,1018,71,25.6,28.9,3.7,340,23.2,153
2026-01-10T17:00,23,26,7.1,1017.9,86,24.6,26,12.1,556,25.8,143
2026-01-10T18:00,22.3,27,4.7,1018.5,99,34.1,35.3,39.1,1315,28.3,106
2026-01-10T19:00,21.5,29,4.1,1019.2,100,54.7,55.6,75.4,2317,31.5,55
2026-01-10T20:00,20,34,8.6,1020.2,86,57.7,58.4,97,2856,32.3,21
2026-01-10T21:00,18.9,32,8,1020.7,79,46.3,46.9,90.2,2486,28.5,21
2026-01-10T22:00,17.5,35,9.7,1021.1,81,39.6,40.2,68.6,1653,22.4,37
2026-01-10T23:00,16.5,39,8.8,1021.5,84,36.7,37.6,48.5,990,17.3,53
2026-01-11T00:00,15.7,44,9.3,1021.4,86,35.9,37.1,34.6,755,14.6,62
2026-01-11T01:00,14.9,48,9.6,1021.1,88,35.6,37.3,22.3,690,13,70
2026-01-11T02:00,14.3,52,9.1,1021,90,35.5,37.4,13.3,648,12.1,76
2026-01-11T03:00,13.8,54,9.1,1020.7,91,35.9,38,8.6,556,11.9,79
2026-01-11T04:00,13.4,55,9.6,1020.8,93,36.6,38.6,7.3,488,12.5,79
2026-01-11T05:00,12.9,54,9.8,1020.9,95,37.8,39.9,10.2,516,13.2,70
2026-01-11T06:00,12.4,57,10,1021.5,96,39,41.1,16.3,735,14.1,63
2026-01-11T07:00,12.1,58,10.6,1022.1,98,41.6,43.8,24.5,1050,15.3,55
2026-01-11T08:00,12.1,58,10.5,1022.7,99,46.1,48.3,29.1,1253,16.8,55
2026-01-11T09:00,13.6,52,9.1,1023.6,101,48.4,50.4,26.9,1249,18.9,71
2026-01-11T10:00,16.1,43,8.8,1024.4,103,44,46.7,21.2,1134,21.3,96
2026-01-11T11:00,19.1,32,7.6,1024.2,104,41,44.4,15.9,985,22.5,116
2026-01-11T12:00,21.2,24,7.6,1023.1,105,36.1,39.6,11.9,790,21.7,128
2026-01-11T13:00,22.6,21,8.2,1021.7,106,30.3,33.8,8.2,562,19.7,136
2026-01-11T14:00,23.5,17,8.3,1020.5,106,26.6,29.7,6.2,418,17.8,140
2026-01-11T15:00,23.8,16,8.5,1019.7,107,24.2,27.1,5.7,416,16.1,140
2026-01-11T16:00,23.6,16,8.8,1019.3,106,22.7,25.3,6.9,499,14.4,136
2026-01-11T17:00,23,16,9.5,1019.3,106,22.7,24.9,11.3,612,13.2,127
2026-01-11T18:00,21.6,19,9.5,1019.8,106,30.5,31.9,22.6,775,12.8,107
2026-01-11T19:00,20.4,23,10.8,1020.6,106,36.4,37.5,37,967,12.8,82
2026-01-11T20:00,19,27,11.6,1021,104,35.6,36.6,45.3,1073,12.9,65
2026-01-11T21:00,17.5,32,11.8,1021.1,101,35.4,36.6,41.7,1020,13,63
2026-01-11T22:00,16.4,39,11.5,1021.4,100,36.8,38.1,31.9,880,13.2,70
2026-01-11T23:00,15.4,42,10.8,1021.5,100,38.9,40.3,23.5,757,13.1,75
2026-01-12T00:00,14.7,46,10.5,1021.1,100,40.5,42.1,19.4,690,12.6,76
2026-01-12T01:00,14.1,48,9.8,1020.8,101,41.3,43.1,16.6,640,11.9,76
2026-01-12T02:00,13.6,49,9.6,1020.7,101,41.4,43.3,14.4,594,11.3,76
2026-01-12T03:00,13.2,49,8.9,1020.4,102,41.3,43.2,11.3,504,10.8,78
2026-01-12T04:00,12.8,48,8.9,1020.3,102,40.6,42.5,8.6,418,10.5,80
2026-01-12T05:00,12.5,47,8.9,1020,103,40.4,42.5,9.2,466,10.2,79
2026-01-12T06:00,11.9,48,8.7,1020.1,103,41.3,43.5,18.6,769,11.2,67
2026-01-12T07:00,11.4,48,8,1020.5,103,44.6,46.9,31.3,1205,12.6,51
2026-01-12T08:00,11.2,49,7.9,1021,104,52.2,54.4,39.2,1540,14.1,46
2026-01-12T09:00,12.7,44,5.7,1021.3,104,57.4,59.4,37.8,1700,15.1,60
2026-01-12T10:00,15.2,39,4.5,1022,105,54.5,57.4,31.6,1758,16.1,85
2026-01-12T11:00,18.2,32,3.1,1021.8,106,54.1,58.2,25.5,1698,18.7,109
2026-01-12T12:00,20.5,28,1.8,1021,108,50.2,54.4,20.5,1441,24.1,130
2026-01-12T13:00,22,29,1.4,1019.6,109,46.1,49.8,15.6,1065,31,150
2026-01-12T14:00,22.8,33,4.1,1018.7,111,44.5,48.1,12.8,790,36.7,165
2026-01-12T15:00,22.8,40,7.3,1018,113,43.9,47.5,9.6,683,40.1,177
2026-01-12T16:00,22.2,45,9,1017.7,115,43.7,47.3,8.6,678,42.3,183
2026-01-12T17:00,21.2,50,8.7,1017.8,117,27.4,28.5,17.2,794,38.6,168
2026-01-12T18:00,20.2,57,6.5,1018,117,42.6,43.8,50.5,1070,38.5,124
2026-01-12T19:00,19.7,62,5.6,1018.7,123,58.7,59.8,96,1468,38.3,64
2026-01-12T20:00,19.4,65,4.5,1019.3,121,67.1,68.5,126.7,1891,38.8,20
2026-01-12T21:00,18.9,74,0.9,1019.8,124,77.1,78.7,128.8,2433,41.3,8
2026-01-12T22:00,18.5,73,1,1020.1,129,79.2,80.6,116.2,3000,44.4,12
2026-01-12T23:00,17.2,75,2.8,1020.4,133,71.5,72.4,103.8,3219,44.3,16
2026-01-13T00:00,17,69,4.6,1020.3,136,62.9,63.1,97.8,2811,37.9,15
2026-01-13T01:00,16,62,6.1,1020.2,139,53.9,54.1,92,2054,28.3,15
2026-01-13T02:00,15.1,52,6.2,1020.2,140,47.4,47.5,82.7,1410,20.8,18
2026-01-13T03:00,14.4,48,7.7,1019.9,141,43.3,43.5,65.5,1010,17.7,29
2026-01-13T04:00,13.9,47,8.1,1019.7,141,41,41.1,44.9,723,16.6,43
2026-01-13T05:00,13.3,48,7.6,1019.4,141,38.8,39,32.8,620,16.4,51
2026-01-13T06:00,12.9,49,7.6,1019.6,141,36.6,36.8,34.8,820,17,49
2026-01-13T07:00,12.6,51,8.3,1020.4,140,36.6,36.8,37.2,1203,17.8,46
2026-01-13T08:00,12.6,51,8.2,1020.9,139,39.2,39.6,37.1,1481,19,51
2026-01-13T09:00,14.2,46,6.2,1021.7,138,39.6,39.8,32.3,1549,20.7,69
2026-01-13T10:00,16.7,41,5.7,1022.3,136,31.7,32.1,25.1,1512,22.7,94
2026-01-13T11:00,19.7,36,5.9,1022.2,134,27.5,28.3,18.6,1393,24.4,116
2026-01-13T12:00,22,31,6,1021.2,131,25.3,26.8,13.7,1135,25.4,131
2026-01-13T13:00,23.2,32,4.5,1019.9,128,24.6,27.4,9.7,796,26,143
2026-01-13T14:00,24,32,3.1,1018.7,126,25,28.8,7.5,571,26.6,150
2026-01-13T15:00,24.4,33,1.6,1018,124,25.7,30.2,4.4,498,26.7,154
2026-01-13T16:00,24.2,34,2.3,1017.6,122,26.7,31.3,3.2,541,26.8,153
2026-01-13T17:00,23,42,9.1,1017.5,121,27.4,31.4,13.2,781,28.7,138
2026-01-13T18:00,21.2,50,9.8,1017.7,121,38.9,42.4,38.7,1379,31,105
2026-01-13T19:00,20.5,51,5.1,1018.4,120,56.6,59.6,73.4,2176,34.1,58
2026-01-13T20:00,20.3,52,0.5,1019,120,63.1,65.7,96.7,2776,36.6,24
2026-01-13T21:00,19.9,53,4.3,1019.4,120,68.7,70.8,97.6,3022,38.4,13
2026-01-13T22:00,19.2,52,4.3,1019.7,119,73.3,75.2,87,3071,39.6,15
2026-01-13T23:00,17.8,53,3.4,1019.6,118,74.5,75.9,76.8,3002,38.5,16
2026-01-14T00:00,18.1,45,4.6,1019.1,118,71.2,72.2,70.9,2813,33.6,14
2026-01-14T01:00,17.4,46,4.4,1018.9,119,67.1,68,65.3,2505,26.4,12
2026-01-14T02:00,16.5,49,3.7,1018.5,121,63.6,64.7,59.8,2160,20.6,11
2026-01-14T03:00,15.9,52,4,1018.1,122,61,62.2,53.4,1678,17.1,11
2026-01-14T04:00,15.4,55,4.7,1017.5,124,58.6,59.6,46.9,1159,15,11
2026-01-14T05:00,14.7,55,4,1017.6,126,54.7,56,46,985,15.8,13
2026-01-14T06:00,14.4,57,3.3,1017.7,128,54.1,55.4,47.3,1527,17.5,9
2026-01-14T07:00,14.2,58,2.3,1018.1,129,57.6,59,48.7,2413,19.9,5
2026-01-14T08:00,14.4,58,3.1,1018.4,132,69.2,70.5,47.4,2917,22.4,13
2026-01-14T09:00,16.4,52,2.5,1018.7,135,69.8,71.2,41.4,2647,25.2,42
2026-01-14T10:00,19.4,49,1.1,1019.1,138,48.1,51.3,32.6,1993,28.1,83
2026-01-14T11:00,21.6,50,2.9,1019,140,32.2,40.2,24.6,1402,29.6,115
2026-01-14T12:00,23,51,5.4,1018.1,140,26.3,37.8,17.9,1001,28.5,130
2026-01-14T13:00,23.7,52,8.6,1017,140,24.2,38,11.9,663,26,136
2026-01-14T14:00,23.9,56,10.4,1016,140,23,37.5,8.3,443,23.9,137
2026-01-14T15:00,23.6,60,10.8,1015.5,140,21.9,36.6,6.8,358,23,134
2026-01-14T16:00,23.2,65,10.7,1015.4,140,21.1,35.2,7.8,392,22.6,127
2026-01-14T17:00,22.9,66,9.6,1015.2,139,19.6,32.5,12.9,557,20.8,106
2026-01-14T18:00,21.8,71,7.3,1015.6,138,22.2,32.5,28.4,962,20,82
2026-01-14T19:00,21.1,76,6,1016,136,28.5,37.4,49.7,1498,19,49
2026-01-14T20:00,20.8,78,5.5,1016.5,133,30.7,39.3,64.8,1849,18.1,24
2026-01-14T21:00,20.5,81,4.8,1016.7,130,31.9,40.3,68.7,1866,17.7,16
2026-01-14T22:00,20,86,4.2,1016.8,126,32.2,40.4,66.4,1698,17.6,17
2026-01-14T23:00,19.8,86,5.8,1016.7,122,31.7,40.9,61.4,1482,16.9,21
2026-01-15T00:00,19.6,84,7.5,1016.4,118,30.2,40,53.4,1225,15.3,28
2026-01-15T01:00,19.4,85,7.5,1016,113,28.1,37.8,42.6,919,13.3,37
2026-01-15T02:00,19.2,85,7.1,1015.2,109,26.1,35.6,33.5,674,11.5,45
2026-01-15T03:00,18.7,88,4.6,1014.8,105,26.4,36.1,26.7,442,10,50
2026-01-15T04:00,18.4,89,5,1014.7,102,27.8,38,21.7,271,8.7,53
2026-01-15T05:00,16.8,91,2.7,1014.6,99,31.9,41.4,18.9,419,7.9,53
2026-01-15T06:00,16.4,93,1.8,1014.8,97,36.2,45.5,25.3,1247,9.9,39
2026-01-15T07:00,16,95,0.9,1015.4,95,45.8,52.6,34.1,2394,12.7,20
2026-01-15T08:00,16.4,95,1.3,1015.8,94,62.4,68,40.7,3028,15.6,13
2026-01-15T09:00,17.8,92,2.6,1016.6,93,67.8,72.6,44.3,2656,18.5,29
2026-01-15T10:00,20.7,78,2.8,1017.4,93,64.7,69.4,45.6,1772,21.4,57
2026-01-15T11:00,22.9,70,3.6,1017.4,95,41.2,47.7,42.9,1030,23.9,82
2026-01-15T12:00,24,64,7.7,1016.7,96,26,34.7,32.6,666,26,102
2026-01-15T13:00,24.5,60,11.4,1016,96,21.1,28.3,18.2,444,27.5,120
2026-01-15T14:00,24.6,55,12.1,1015.1,95,18.7,24.9,8,309,27.9,130
2026-01-15T15:00,24.5,56,11.1,1014.5,95,17.3,23.5,3.9,218,26.2,130
2026-01-15T16:00,24.1,58,11,1014,94,16,22.6,3.9,215,23.2,121
2026-01-15T17:00,23.8,61,11.3,1014,94,12.3,17.1,10,377,18.5,104
2026-01-15T18:00,22.9,67,9.5,1014.1,93,15.5,19.8,28.3,807,18.6,78
2026-01-15T19:00,22.1,73,8,1014.6,93,25.4,29.5,53.4,1403,18.8,43
2026-01-15T20:00,21.6,75,6.8,1015.2,92,32,36.3,72.3,1938,20.1,16
2026-01-15T21:00,21.2,77,5.2,1015.5,93,39.3,44.7,78.6,2381,23.5,7
2026-01-15T22:00,20.6,79,5.5,1015.4,93,46.8,53.1,78.5,2762,27.8,6
2026-01-15T23:00,19.1,84,3.2,1015.6,95,52.3,59.3,77.6,2953,30.7,6
2026-01-16T00:00,19.2,81,4.2,1015.2,96,55.3,62.9,77.5,2863,30.8,5
2026-01-16T01:00,18.9,82,4,1014.9,99,55.5,63.6,76.7,2583,29.3,5
2026-01-16T02:00,18.5,82,3.5,1014.8,101,55.1,63.6,75.6,2247,27.7,6
2026-01-16T03:00,18.1,85,2.5,1014.6,104,53,61.7,74.6,1795,26,8
2026-01-16T04:00,17.7,86,1.9,1014.5,107,49.4,58.8,73.4,1287,24.2,12
2026-01-16T05:00,16.9,89,3.5,1014.4,109,48.9,59.8,56.2,1046,16.4,26
2026-01-16T06:00,16.8,89,5.1,1014.6,111,54.7,66.1,57.1,1353,18.3,19
2026-01-16T07:00,16.9,88,5.1,1014.9,113,63.3,73.6,58.1,1927,20.9,11
2026-01-16T08:00,17.2,86,4.1,1015.5,115,76.8,85.4,56.6,2240,23.7,13
2026-01-16T09:00,18.7,79,3.5,1015.9,116,74,81.5,51.2,2019,27,33
2026-01-16T10:00,21.1,69,2.3,1016.3,117,66.6,74.5,43.3,1538,30.5,62
2026-01-16T11:00,23.2,62,4.8,1016.4,117,37.8,53.9,34.7,1092,31.7,87
2026-01-16T12:00,24.4,57,9.8,1015.5,117,24.6,38.5,24.6,757,28.9,103
2026-01-16T13:00,24.9,53,11.6,1014.4,117,21.7,32.9,13.8,456,23.9,114
2026-01-16T14:00,24.8,53,11.5,1013.5,117,19.5,28.5,6.6,259,20.1,119
2026-01-16T15:00,25,51,11.1,1012.8,117,18,25.8,3.7,182,19,118
2026-01-16T16:00,24.8,50,11.9,1012.5,117,16.6,24,4.4,208,19.1,110
2026-01-16T17:00,24,54,11.8,1012.5,117,14.9,22.7,9.8,352,17.2,94
2026-01-16T18:00,22.8,67,8.5,1012.7,117,17.1,24.2,23.5,729,16.9,75
2026-01-16T19:00,21.8,76,6.9,1013.1,117,23.1,29.9,42.4,1225,16.4,48
2026-01-16T20:00,21.5,79,7,1013.5,117,27.1,34.3,56.1,1508,16,28
2026-01-16T21:00,21.3,79,7.3,1013.5,117,29.7,37.8,60.4,1386,15.9,22
2026-01-16T22:00,21.1,79,7.2,1013.4,116,31.7,41.3,59.5,1051,15.8,22
2026-01-16T23:00,20.9,78,7,1013.4,114,32.9,44.4,55.7,754,15.2,26
2026-01-17T00:00,21,77,8.8,1013,112,33.1,46.2,48.5,577,13.5,32
2026-01-17T01:00,20.9,78,8.5,1012.7,110,31.2,44.7,38.4,437,11.3,42
2026-01-17T02:00,20.6,81,7.5,1012.4,107,29.5,44.1,29.5,333,9.5,50
2026-01-17T03:00,20.5,83,8,1012.1,104,28.4,45.5,21.7,252,8.5,58
2026-01-17T04:00,20.5,83,9.1,1012.2,102,26.8,44.4,15.1,207,8,65
2026-01-17T05:00,20,83,7.4,1012.3,100,25.9,42.4,14.9,239,8.4,64
2026-01-17T06:00,19.6,86,7.6,1012.4,98,25.3,41.6,25.7,427,9.4,51
2026-01-17T07:00,19.3,87,7.7,1012.9,95,28.9,45.6,40.1,691,10.9,35
2026-01-17T08:00,19.5,83,6.8,1013.8,92,37.6,53.8,46.9,836,12.7,30
2026-01-17T09:00,20.8,75,5.2,1014.3,88,41.6,54.1,38.7,740,15.4,49
2026-01-17T10:00,22.7,68,5.7,1014.9,86,33.3,55.4,23,525,18.5,80
2026-01-17T11:00,23.8,65,8.1,1015.2,83,30.7,80.6,10.6,352,20.2,105
2026-01-17T12:00,25,56,9.6,1014.2,82,29.9,82.2,6,284,19.4,116
2026-01-17T13:00,25.4,52,12,1013.2,82,29.6,80.1,4.7,258,17.2,121
2026-01-17T14:00,25.2,51,13,1012.1,83,29.4,80.3,4.6,253,15.5,122
2026-01-17T15:00,25.1,50,12.7,1011.2,84,28.8,79.9,4.3,233,15.1,119
2026-01-17T16:00,24.5,52,12.2,1010.8,85,27.6,77.1,5.1,234,15.2,113
2026-01-17T17:00,23.9,53,11.8,1010.9,86,26.6,73.1,9.6,336,17.7,104
2026-01-17T18:00,23,60,11,1010.8,87,24.9,59,18.6,636,17.1,89
2026-01-17T19:00,22.2,65,8.8,1011.3,88,26,48.5,31,1037,16.4,68
2026-01-17T20:00,21.6,68,7.5,1011.8,88,26.8,44.1,40.9,1333,15.8,52
2026-01-17T21:00,21.2,70,6.5,1011.8,88,27.4,41.1,45.9,1417,15.7,44
2026-01-17T22:00,20.8,72,6.5,1011.9,88,27.8,39.3,48.3,1396,15.7,40
2026-01-17T23:00,20,74,4,1012.3,87,28.2,38.2,48.8,1381,15.5,38
2026-01-18T00:00,19.9,74,3.9,1011.7,87,28.1,37.6,47.1,1443,14.6,38
2026-01-18T01:00,19.2,75,4.8,1011.5,87,28.1,38.1,43.5,1512,13.3,39
2026-01-18T02:00,18.7,77,4.1,1011.1,86,28.1,38.9,39.8,1488,12.4,40
2026-01-18T03:00,18.2,79,3.1,1010.7,86,27.9,39.1,35.9,1252,12.1,39
2026-01-18T04:00,17.8,80,4.6,1010.4,86,27.6,38.8,31.9,922,12.2,36
2026-01-18T05:00,17.2,84,6,1010.5,86,33.9,47,35.8,754,13.1,23
2026-01-18T06:00,17.2,84,6,1010.9,87,35.6,49.1,37.9,925,13,15
2026-01-18T07:00,17,85,6,1011.7,88,42.5,56,40.4,1258,13.2,5
2026-01-18T08:00,16.8,85,6.9,1012.6,89,56.2,72.4,39.9,1473,16,7
2026-01-18T09:00,18.1,79,6.4,1013.3,91,56.2,70.8,33.6,1449,24.5,33
2026-01-18T10:00,20.8,66,5.1,1013.6,92,44,68.7,24.2,1309,35.6,72
2026-01-18T11:00,22.4,60,5.5,1014.1,93,33.5,69.6,16.4,1138,42.7,104
2026-01-18T12:00,23.3,56,5.1,1013.4,93,32.8,77.1,11.8,937,42,122
2026-01-18T13:00,23.7,53,6.8,1012.5,93,31.3,72.4,8.9,707,37.3,133
2026-01-18T14:00,23.6,54,8.6,1011.7,94,29.5,67.5,7.4,535,33.3,139
2026-01-18T15:00,23.5,56,9.2,1011.3,94,27.9,61,7,446,32.4,143
2026-01-18T16:00,23.3,56,8.7,1010.9,93,26.7,55.5,8,415,32.2,143
2026-01-18T17:00,22.9,58,10,1011.1,93,30.2,61.7,11.4,462,31.2,134
2026-01-18T18:00,22.2,66,9.5,1011.4,94,28.5,48.4,19.5,605,27.7,112
2026-01-18T19:00,21.9,71,8,1011.9,94,27.8,43,30.7,825,22.9,82
2026-01-18T20:00,21.7,69,7.1,1012.4,94,27.5,44.1,39.8,1083,19.1,58
2026-01-18T21:00,21.6,68,6.3,1012.7,94,29.5,49.5,44.7,1427,17.4,45
2026-01-18T22:00,21.4,69,7.7,1013,94,32.4,56.2,47.4,1809,16.8,38
2026-01-18T23:00,21.1,68,6.2,1013.4,95,35.3,63.8,49.2,2047,16.3,33
2026-01-19T00:00,21.1,68,4.8,1013.3,95,38.8,74,50.4,2052,15.7,29
2026-01-19T01:00,20.2,76,0.5,1013,96,41.8,84.5,50.6,1914,15.3,27
2026-01-19T02:00,19.3,79,1.5,1013.1,98,43.1,90.6,49.5,1717,14.9,25
2026-01-19T03:00,18.5,80,4.1,1013,99,43.4,92.2,46,1402,14.5,24
2026-01-19T04:00,17.3,85,5,1013,100,42,88.5,41.3,1028,14.1,23
2026-01-19T05:00,16.9,85,3,1013.2,102,44,104.5,36.8,858,16.2,30
2026-01-19T06:00,16.9,85,4,1013.3,103,44,95,40.7,1109,16.3,21
2026-01-19T07:00,16.5,85,4.8,1014.3,104,47.3,89.9,45.6,1565,16.7,9
2026-01-19T08:00,16.5,85,4.3,1015.2,104,58.4,97.3,46.4,1840,18.5,9
2026-01-19T09:00,18.4,76,3.6,1015.9,105,57.6,95.2,39.3,1739,23.4,29
2026-01-19T10:00,20.9,66,3.2,1016.6,105,47.6,109.4,28,1456,29.6,60
2026-01-19T11:00,22.5,63,3.2,1016.8,105,40,114.6,18.4,1189,33.2,88
2026-01-19T12:00,23.6,55,5.6,1016.3,106,39.6,105.5,12.4,998,31.5,109
2026-01-19T13:00,24.1,52,7.7,1015.4,106,39.1,95,8.2,824,27.2,127
2026-01-19T14:00,24.3,50,9.4,1014.3,107,38.1,89.6,5.8,683,23.9,138
2026-01-19T15:00,24.2,50,10.4,1014,108,37.1,86.1,4.7,549,23.5,142
2026-01-19T16:00,23.4,57,10.7,1013.5,109,37,85,5.6,449,24.2,139
2026-01-19T17:00,22.5,58,9.8,1013.5,110,34.2,75.9,9.9,481,25,129
2026-01-19T18:00,21.6,66,8.6,1013.7,111,35.5,70.5,20.8,773,23,103
2026-01-19T19:00,21.2,69,6.7,1014.1,111,37.4,70.3,35.7,1198,20.2,67
2026-01-19T20:00,21,68,6.3,1014.6,112,37,70.1,46.4,1467,17.9,40
2026-01-19T21:00,20.8,64,6.2,1014.8,113,36.9,69.4,49.2,1414,16.8,31
2026-01-19T22:00,20.2,63,7.4,1014.9,114,36.9,68.2,47.8,1206,16.2,30
2026-01-19T23:00,19.7,63,6.6,1015.2,115,36,66.1,44.8,1057,15.3,32
2026-01-20T00:00,19.5,62,6.4,1014.8,115,34.5,63.8,40.2,1080,13.7,35
2026-01-20T01:00,18.9,62,5,1014.5,114,33.1,61.2,34,1162,11.8,39
2026-01-20T02:00,18.2,64,3,1014.4,113,31,57.6,28.4,1180,10.4,43
2026-01-20T03:00,17.5,67,4.2,1014.1,112,29,54.9,23.2,1011,9.7,45
2026-01-20T04:00,16.9,69,4,1014.2,111,27.6,53.6,18.6,779,9.5,46
2026-01-20T05:00,15.8,74,3.9,1014.4,109,28.6,58,19.6,731,10.4,43
2026-01-20T06:00,15.8,74,4,1014.7,107,29.2,56.3,27.5,1099,11.8,31
2026-01-20T07:00,15.6,76,4.1,1015.3,106,33.3,57.6,38,1652,14,14
2026-01-20T08:00,15.6,77,5.2,1015.9,104,44.7,66.1,42.7,1943,16.9,11
2026-01-20T09:00,17.5,68,4.5,1016.8,103,45.2,68.7,36,1705,21.5,31
2026-01-20T10:00,20.6,56,3.5,1017.1,102,38.3,74.7,23.5,1205,26.7,64
2026-01-20T11:00,22.4,51,2.2,1017.1,101,29.3,74.3,13.4,796,30,92
2026-01-20T12:00,23.5,44,5.3,1016.3,100,31.9,76.4,8.9,614,29.6,110
2026-01-20T13:00,23.9,42,8.5,1015.5,99,33.8,75.9,6.8,522,27.1,124
2026-01-20T14:00,24,40,10.5,1014.6,99,33.2,71.5,6,463,24.9,131
2026-01-20T15:00,23.7,39,10.5,1014.2,98,31.7,66.4,4.9,372,23.7,132
2026-01-20T16:00,23.2,44,9.8,1014,98,30.3,62.4,5.1,314,22.8,127
2026-01-20T17:00,22.8,45,8.6,1014.1,97,25.3,52.4,9.1,430,20.4,117
2026-01-20T18:00,22,52,7,1014.2,96,26.7,49.7,22.2,841,19.6,94
2026-01-20T19:00,21.4,58,6,1014.7,95,31.1,52.2,40.3,1426,18.4,61
2026-01-20T20:00,21.2,58,5.4,1015,95,33.9,54.1,54.4,1958,17.6,36
2026-01-20T21:00,20.9,59,6.1,1015.1,95,36.1,55.9,61.4,2442,17.7,24
2026-01-20T22:00,20.5,61,4.5,1015.4,95,38.1,57.3,64.4,2873,18.2,18
2026-01-20T23:00,19.7,62,3.8,1015.8,95,37,55.4,63.1,3009,18,17
2026-01-21T00:00,19.3,64,5,1016,95,33.6,51.6,55.6,2648,16.2,22
2026-01-21T01:00,18,68,4.8,1015.8,95,30.4,47.5,43.8,1992,13.7,31
2026-01-21T02:00,17.2,73,5.5,1015.6,94,28,44.6,33.9,1401,11.7,38
2026-01-21T03:00,16.9,74,5.8,1015.1,94,26.3,42.3,27.1,954,10.7,41
2026-01-21T04:00,16.6,76,5.5,1014.8,94,24.6,39.6,22.2,573,10.2,42
2026-01-21T05:00,15.6,81,5.2,1014.9,94,25.1,39.9,23.9,378,10.6,35
2026-01-21T06:00,15.2,83,5.9,1015.2,93,25.4,39.5,30.4,512,11.2,26
2026-01-21T07:00,14.9,83,6.6,1015.9,93,28.5,42,38.9,834,12.3,15
2026-01-21T08:00,15.2,79,6.8,1016.6,93,36.7,49.2,42.4,1039,15.2,15
2026-01-21T09:00,17,69,7,1017.3,92,38.5,49.9,36.2,983,21.9,36
2026-01-21T10:00,20.1,55,5.3,1017.9,91,30,48.2,25,811,30.5,69
2026-01-21T11:00,21.6,50,2,1018,91,24.3,44.8,15.7,653,36,98
2026-01-21T12:00,22.9,44,3.9,1017.5,90,24.5,42.8,10.9,545,36,119
2026-01-21T13:00,23.5,42,6.7,1016.4,89,26.6,42.8,8.1,452,33,135
2026-01-21T14:00,23.7,42,7.6,1015.2,89,27,41.9,6.8,396,30,145
2026-01-21T15:00,23.6,43,7.6,1014.5,88,26.6,41.1,5.9,374,28.1,146
2026-01-21T16:00,23.2,46,7.2,1014,88,26.1,40.2,6.5,389,26.3,141
2026-01-21T17:00,22.6,50,8.4,1014,87,27,45.1,10.8,473,25.7,123
2026-01-21T18:00,21.7,55,8.9,1014.1,88,27.8,43.2,24.2,691,24.4,97
2026-01-21T19:00,21,59,7.7,1014.7,88,31.1,45.1,42.8,977,22.6,60
2026-01-21T20:00,20.4,63,7,1015.3,88,32.9,46.3,57.2,1165,21.1,31
2026-01-21T21:00,20,64,5.7,1015.3,88,35.2,49,64,1176,20.5,17
2026-01-21T22:00,19.7,67,6.7,1015.5,88,37.5,51.8,66.6,1088,20.2,12
2026-01-21T23:00,19.2,71,4.3,1015.6,87,37.8,52.7,66.5,976,19.4,10
2026-01-22T00:00,19.4,72,6.7,1015.4,88,37,52.6,63.1,825,17.4,12
2026-01-22T01:00,19,73,6.5,1015.2,88,35.5,52.4,56.9,649,15,18
2026-01-22T02:00,18.4,79,2.3,1014.7,88,33.9,52.9,50.8,563,13.4,24
2026-01-22T03:00,18.2,79,0.4,1014,89,32.2,53.7,44.1,598,13.3,31
2026-01-22T04:00,18.1,80,0.4,1013.4,89,31.9,55.1,37.4,723,14,38
2026-01-22T05:00,16.9,82,3.6,1013.3,90,34.1,58.4,39.9,964,16.3,34
2026-01-22T06:00,16.8,83,4.3,1013.4,91,35.5,60.5,48.7,1499,19.3,25
2026-01-22T07:00,16.6,85,4.9,1013.8,92,46,71.5,60.1,2150,23.2,13
2026-01-22T08:00,17.8,84,5.5,1013.7,93,56.9,82.7,63.1,2402,25,13
2026-01-22T09:00,20.5,79,7.3,1014.2,95,50.2,66.6,49.6,1870,22.8,35
2026-01-22T10:00,22.2,66,17.6,1014.5,96,27.9,52.9,27.7,940,18.5,69
2026-01-22T11:00,23,63,20.9,1014.3,96,22.8,51.5,11,252,14.8,94
2026-01-22T12:00,23.5,58,20.7,1013.7,96,21.7,47.7,5.5,91,12.3,101
2026-01-22T13:00,21.6,72,15.4,1013.3,95,20.8,45.4,5.3,171,10.4,99
2026-01-22T14:00,19.9,80,23.2,1012.7,95,20.5,43.1,6.1,280,9.6,95
2026-01-22T15:00,20.3,81,23.8,1012.1,94,18.1,34.7,6.6,366,10.5,92
2026-01-22T16:00,19.2,76,14.5,1011.9,94,17.3,36.8,8.2,481,12.5,88
2026-01-22T17:00,19.3,69,9.5,1012.1,93,19.2,39.5,13.1,564,14.7,77
2026-01-22T18:00,18.9,59,10.2,1012.4,92,21.7,42.8,21.8,594,15.9,66
2026-01-22T19:00,18.6,53,12.2,1013.5,92,28,57.5,33.4,592,17.5,52
2026-01-22T20:00,17.7,44,15.2,1014.1,91,30.9,85.9,39,557,18.3,45
2026-01-22T21:00,16.7,45,17.7,1015,91,31.5,109.4,32.9,470,17.6,53
2026-01-22T22:00,14.8,39,18,1015.8,91,28.2,97.8,20.8,350,16.1,69
2026-01-22T23:00,14.1,37,17.9,1016,90,25.4,72.9,11.3,258,14.5,80
2026-01-23T00:00,13.3,38,17.4,1016.2,89,23.5,58.6,8,219,12.9,82
2026-01-23T01:00,12.8,39,16.1,1016.2,88,21.3,50.5,7.4,207,11.3,80
2026-01-23T02:00,12.4,39,16.6,1016.4,86,19.8,46,7.1,202,10.3,77
2026-01-23T03:00,12.1,41,16.5,1016.5,85,18.5,42.6,5.9,188,10.2,75
2026-01-23T04:00,11.5,44,14.3,1016.5,84,18.3,46.6,5.1,180,10.6,72
2026-01-23T05:00,10.7,50,13.1,1016.5,83,20.1,65.2,6,210,11.1,68
2026-01-23T06:00,10.4,51,13.5,1017,82,27.5,111.3,11.5,320,11.2,60
2026-01-23T07:00,10,53,13.5,1017.6,81,37.3,161.1,19,466,11.4,49
2026-01-23T08:00,9.8,54,14.8,1018.4,80,47.3,195.6,23.2,549,12.1,44
2026-01-23T09:00,10.8,51,13,1018.9,79,53.7,235.6,21,505,13.5,52
2026-01-23T10:00,12.9,40,12.8,1019.5,80,52.7,247.7,15.6,397,15.3,66
2026-01-23T11:00,14.9,34,11,1019.9,82,47.7,214.2,11.1,312,17.1,79
2026-01-23T12:00,16.1,29,12.8,1019.3,84,41.2,173.7,9,282,18.9,90
2026-01-23T13:00,16.8,28,13.3,1018.3,86,36.4,143.9,7.9,274,20.8,101
2026-01-23T14:00,17.2,30,11.8,1017.3,87,33.1,124.3,7.8,282,22.5,108
2026-01-23T15:00,17.5,29,10.5,1016.8,88,32.2,118,7.6,299,24.2,110
2026-01-23T16:00,17.1,32,10.9,1016.6,89,32,115.7,8.3,332,25.6,109
2026-01-23T17:00,16.4,38,10.8,1016.8,91,32.6,115.3,12.4,388,25.1,102
2026-01-23T18:00,15.3,46,10.8,1017,92,35.3,98.3,23.5,492,23.1,83
2026-01-23T19:00,14.5,49,9.7,1017.6,93,37.3,85.2,38.9,620,20.3,56
2026-01-23T20:00,14.1,50,6.8,1017.9,94,36.2,74.7,50.7,708,18.4,35
2026-01-23T21:00,14.1,50,5.5,1018.1,94,35.5,71.2,55.7,728,18.4,25
2026-01-23T22:00,13.6,54,4.2,1018,95,37.6,74.5,57.1,708,19.2,20
2026-01-23T23:00,12.1,60,3.8,1018.2,96,41.4,81.3,57.1,667,19.4,17
2026-01-24T00:00,12.4,58,3.6,1018.1,97,44.2,88.2,56.5,601,18.1,14
2026-01-24T01:00,12.2,56,6.1,1018,99,44.1,90.1,54.5,514,16.1,12
2026-01-24T02:00,11.9,55,5.9,1018,101,41.9,88,50.3,433,14.4,13
2026-01-24T03:00,11.2,57,6.6,1018.1,103,38.8,87.3,41.9,346,13.4,19
2026-01-24T04:00,10.6,59,7.8,1018.4,105,35.9,88.2,31.2,264,12.7,27
2026-01-24T05:00,9.7,60,8.7,1019.2,107,33.2,92.2,23.9,254,12.2,34
2026-01-24T06:00,9.2,56,10.5,1019.9,109,31.7,89.6,23.4,385,11.9,35
2026-01-24T07:00,9.9,50,12.2,1020.6,109,31.4,73.8,26.2,587,11.7,34
2026-01-24T08:00,10.6,47,12.5,1021.7,108,31.5,58.6,27.1,712,11.6,39
2026-01-24T09:00,12.1,45,12.5,1022.4,107,30.2,45.6,23.5,684,11.4,55
2026-01-24T10:00,14.3,45,12.2,1023,104,26.6,44.8,18,580,11.2,77
2026-01-24T11:00,16.5,40,13.2,1023.4,102,22.7,44.6,13.1,483,11,95
2026-01-24T12:00,18.1,28,16.3,1022.6,99,18.2,39.5,9.5,412,10.8,107
2026-01-24T13:00,18.9,25,17.1,1021.5,97,17.5,39,6.5,348,10.7,116
